id,Status,base_label,base_question,base_setup,category,flip_change,flip_label,hardness,indoor_outdoor,pic_base,pic_flip,gpt_output_base,gpt_output_flip,location,target,gpt_score
AV-01,Done,NOT_VISIBLE,Is the building number readable,far facade unaided,AUGMENTED_VISION_REQUIRED,zoom in,VISIBLE,other numbers nearby,outdoor,/Users/neiltripathi/Documents/Paper with Davis/Images/IMG_0618.jpeg',/Users/neiltripathi/Documents/Paper with Davis/Images/IMG_0619.jpeg',"{""label"":""NOT_VISIBLE"",""reason_code"":""OUT_OF_FRAME"",""confidence"":0.88}","{""label"":""VISIBLE"",""reason_code"":""NONE"",""confidence"":0.99}",distant building,building number,
AV-02,Done,NOT_VISIBLE,Is the serial number readable,normal view,AUGMENTED_VISION_REQUIRED,macro close up,VISIBLE,ornate patterns mimic letters,indoor,/Users/neiltripathi/Documents/Paper with Davis/Images/IMG_0293.jpeg',/Users/neiltripathi/Documents/Paper with Davis/Images/IMG_0294.jpeg',"{""label"":""NOT_VISIBLE"",""reason_code"":""LIGHTING_DISTANCE"",""confidence"":0.96}","{""label"":""VISIBLE"",""reason_code"":""NONE"",""confidence"":0.98}",currency note,serial number,
GD-01,Done,NOT_VISIBLE,Are the couple looking at each other,couple sitting next to each other,GAZE_DIRECTION,couple look at each other,VISIBLE,"ambiguous gaze, partial head turn",outdoor,/Users/neiltripathi/Documents/Paper with Davis/Images/IMG_0394.jpeg,/Users/neiltripathi/Documents/Paper with Davis/Images/IMG_0399.jpeg,"{""label"":""NOT_VISIBLE"",""reason_code"":""GAZE_DIRECTION"",""confidence"":0.91}","{""label"":""VISIBLE"",""reason_code"":""NONE"",""confidence"":0.93}",wsp,couple,
GD-02,Done,NOT_VISIBLE,Is the man currently playing the cello,"man looking away, not playing cello",GAZE_DIRECTION,man hands on cello playing it,VISIBLE,subtle motion/pose cue,outdoor,/Users/neiltripathi/Documents/Paper with Davis/Images/IMG_0410.jpeg,/Users/neiltripathi/Documents/Paper with Davis/Images/IMG_0411.jpeg,"{""label"":""VISIBLE"",""reason_code"":""NONE"",""confidence"":0.95}","{""label"":""VISIBLE"",""reason_code"":""NONE"",""confidence"":0.94}",wsp,cellist,
GD-03,Done,NOT_VISIBLE,Are the people posing for a picture,people just walking,GAZE_DIRECTION,they pose for a pic,VISIBLE,"motion blur, group angle variance",outdoor,/Users/neiltripathi/Documents/Paper with Davis/Images/IMG_8024.jpeg,/Users/neiltripathi/Documents/Paper with Davis/Images/IMG_8023.jpeg,"{""label"":""NOT_VISIBLE"",""reason_code"":""GAZE_DIRECTION"",""confidence"":0.92}","{""label"":""VISIBLE"",""reason_code"":""NONE"",""confidence"":0.97}",wsp,group,
GD-04,Done,NOT_VISIBLE,Can you see his gaze,subject wearing sunglasses; eyes not visible behind dark lenses,GAZE_DIRECTION,remove sunglasses or add transparent ones so gaze direction is clear,VISIBLE,medium,indoor,/Users/neiltripathi/Documents/Paper with Davis/Images/IMG_0431.JPG',/Users/neiltripathi/Documents/Paper with Davis/Images/IMG_0432.JPG',"{""label"":""NOT_VISIBLE"",""reason_code"":""GAZE_DIRECTION"",""confidence"":0.97}","{""label"":""VISIBLE"",""reason_code"":""NONE"",""confidence"":0.98}",lounge,his gaze,
GD-05,Done,NOT_VISIBLE,Is the snowman visible to him?,He is looking sideways while the snowman is in front of him.,GAZE_DIRECTION,Flip would have him face the snowman directly.,VISIBLE,medium,outdoor,/Users/neiltripathi/Documents/Paper with Davis/Images/IMG_0625.jpeg',/Users/neiltripathi/Documents/Paper with Davis/Images/IMG_0626.jpeg',"{""label"":""UNDETERMINABLE_FROM_EVIDENCE"",""reason_code"":""INSUFFICIENT_CONTEXT"",""confidence"":0.98}","{""label"":""UNDETERMINABLE_FROM_EVIDENCE"",""reason_code"":""INSUFFICIENT_CONTEXT"",""confidence"":0.98}",store,snowman figure,
IC-01,Done,UNDETERMINABLE,Is the moisturising lotion visible,many beauty products,INSUFFICIENT_CONTEXT,place moisturiser in view,VISIBLE,non lotion products as decoys,indoor,/Users/neiltripathi/Documents/Paper with Davis/Images/IMG_0271.jpeg',/Users/neiltripathi/Documents/Paper with Davis/Images/IMG_0270.jpeg',"{""label"":""NOT_VISIBLE"",""reason_code"":""OCCLUSION"",""confidence"":0.96}","{""label"":""VISIBLE"",""reason_code"":""NONE"",""confidence"":0.98}",travel gear pile,lotion,
IC-02,Done,UNDETERMINABLE,What is the value of this giftcard,card doesn’t show,INSUFFICIENT_CONTEXT,show corner with money value,VISIBLE,doesn’t show value,indoor,/Users/neiltripathi/Documents/Paper with Davis/Images/IMG_0280.jpeg',/Users/neiltripathi/Documents/Paper with Davis/Images/IMG_0281.jpeg',"{""label"":""NOT_VISIBLE"",""reason_code"":""OCCLUSION"",""confidence"":0.98}","{""label"":""VISIBLE"",""reason_code"":""NONE"",""confidence"":0.99}",gift card,value,
IC-04,Done,UNDETERMINABLE_FROM_EVIDENCE,Is the dog looking at the owner,dog looking somewhere,INSUFFICIENT_CONTEXT,dog looks at the owner,VISIBLE,"ambiguous angle, owner off-frame",outdoor,/Users/neiltripathi/Documents/Paper with Davis/Images/IMG_8013.jpeg,/Users/neiltripathi/Documents/Paper with Davis/Images/IMG_8019.jpeg,"{""label"":""UNDETERMINABLE_FROM_EVIDENCE"",""reason_code"":""INSUFFICIENT_CONTEXT"",""confidence"":0.96}","{""label"":""VISIBLE"",""reason_code"":""NONE"",""confidence"":0.98}",wsp,dog-owner pair,
LD-01,Done,NOT_VISIBLE,Are the spice labels readable,room is dark,LIGHTING_DISTANCE,turn on light,VISIBLE,specular highlights look like text,indoor,/Users/neiltripathi/Documents/Paper with Davis/Images/IMG_0287.jpeg',/Users/neiltripathi/Documents/Paper with Davis/Images/IMG_0288.jpeg',"{""label"":""NOT_VISIBLE"",""reason_code"":""LIGHTING_DISTANCE"",""confidence"":0.91}","{""label"":""VISIBLE"",""reason_code"":""NONE"",""confidence"":0.93}",kitchen window,spice labels,
LD-02,Done,NOT_VISIBLE,Is the phone screen visible,"phone screen reflecting in the sun and far, hard to see through glare",LIGHTING_DISTANCE,move closer so less glare,VISIBLE,"bright reflections, low contrast",outdoor,/Users/neiltripathi/Documents/Paper with Davis/Images/IMG_0416.jpeg,/Users/neiltripathi/Documents/Paper with Davis/Images/IMG_0417.jpeg,"{""label"":""NOT_VISIBLE"",""reason_code"":""LIGHTING_DISTANCE"",""confidence"":0.92}","{""label"":""VISIBLE"",""reason_code"":""NONE"",""confidence"":0.97}",wsp,phone screen,
LD-03,Done,NOT_VISIBLE,What is the time,clock is reflecting glare,LIGHTING_DISTANCE,change angle to avoid glare,VISIBLE,glass reflection and small numerals,outdoor,/Users/neiltripathi/Documents/Paper with Davis/Images/IMG_0418.jpeg,/Users/neiltripathi/Documents/Paper with Davis/Images/IMG_0420.jpeg,"{""label"":""NOT_VISIBLE"",""reason_code"":""LIGHTING_DISTANCE"",""confidence"":0.93}","{""label"":""VISIBLE"",""reason_code"":""NONE"",""confidence"":0.99}",union square,clock,
LD-04,Done,NOT_VISIBLE,Is the street sign readable,distant and dim,LIGHTING_DISTANCE,move camera 5 to 8 m closer,VISIBLE,bright points mislead,outdoor,/Users/neiltripathi/Documents/Paper with Davis/Images/IMG_0296.jpeg',/Users/neiltripathi/Documents/Paper with Davis/Images/IMG_0297.jpeg',"{""label"":""NOT_VISIBLE"",""reason_code"":""LIGHTING_DISTANCE"",""confidence"":0.93}","{""label"":""VISIBLE"",""reason_code"":""NONE"",""confidence"":0.98}",night street,street sign,
LD-05,Done,NOT_VISIBLE,is the package text readable,package on the floor; label at distance ~6m; small print,LIGHTING_DISTANCE,move 2m closer to reduce distance,VISIBLE,medium,indoor,/Users/neiltripathi/Documents/Paper with Davis/Images/IMG_0435.jpeg',/Users/neiltripathi/Documents/Paper with Davis/Images/IMG_0436.jpeg',"{""label"":""NOT_VISIBLE"",""reason_code"":""LIGHTING_DISTANCE"",""confidence"":0.92}","{""label"":""VISIBLE"",""reason_code"":""NONE"",""confidence"":0.99}",mailroom,shipping label,
LD-06,Done,UNDETERMINABLE_FROM_EVIDENCE,What number is on the crosswalk countdown,Far distance: number too small.,LIGHTING_DISTANCE,Zoom-in version clarifies the number.,VISIBLE,medium,outdoor,/Users/neiltripathi/Documents/Paper with Davis/Images/IMG_0638.jpeg',/Users/neiltripathi/Documents/Paper with Davis/Images/IMG_0639.jpeg',"{""label"":""NOT_VISIBLE"",""reason_code"":""OUT_OF_FRAME"",""confidence"":0.96}","{""label"":""VISIBLE"",""reason_code"":""NONE"",""confidence"":1.0}",street intersection,crosswalk number,
LD-07,Done,UNDETERMINABLE_FROM_EVIDENCE,What is the bus number?,Bus is far + side angle making number partially unreadable.,LIGHTING_DISTANCE,Bus is closer,UNDETERMINABLE_FROM_EVIDENCE,hard,outdoor,/Users/neiltripathi/Documents/Paper with Davis/Images/IMG_0650.jpeg',/Users/neiltripathi/Documents/Paper with Davis/Images/IMG_0644.jpeg',"{""label"":""NOT_VISIBLE"",""reason_code"":""OUT_OF_FRAME"",""confidence"":0.96}","{""label"":""VISIBLE"",""reason_code"":""NONE"",""confidence"":1.0}",bus stop,bus number,
LD-09,Done,NOT_VISIBLE,Is the protein powder container label readable,room is dark,LIGHTING_DISTANCE,turn on bedside lamp,VISIBLE,easy,indoor,/Users/neiltripathi/Documents/Paper with Davis/Images/IMG_0661.jpeg',/Users/neiltripathi/Documents/Paper with Davis/Images/IMG_0662.jpeg',"{""label"":""NOT_VISIBLE"",""reason_code"":""LIGHTING_DISTANCE"",""confidence"":0.97}","{""label"":""VISIBLE"",""reason_code"":""NONE"",""confidence"":0.93}",bedroom shelf,book title,
NV-01,Done,NOT_VISIBLE,What is inside the box,box is closed,INHERENTLY_NONVISUAL,open the box to show object,VISIBLE,printed product photo misleads,indoor,/Users/neiltripathi/Documents/Paper with Davis/Images/IMG_0268.jpeg',/Users/neiltripathi/Documents/Paper with Davis/Images/IMG_0269.jpeg',"{""label"":""NOT_VISIBLE"",""reason_code"":""OCCLUSION"",""confidence"":0.98}","{""label"":""VISIBLE"",""reason_code"":""NONE"",""confidence"":0.97}",sealed box,contents,
NV-02,Done,NOT_VISIBLE,Is the laptop in the bag,zippered bag,INHERENTLY_NONVISUAL,open bag clearly,VISIBLE,"bag sealed, ambiguous shape",indoor,/Users/neiltripathi/Documents/Paper with Davis/Images/IMG_0284.jpeg',/Users/neiltripathi/Documents/Paper with Davis/Images/IMG_0285.jpeg',"{""label"":""NOT_VISIBLE"",""reason_code"":""OCCLUSION"",""confidence"":0.99}","{""label"":""VISIBLE"",""reason_code"":""NONE"",""confidence"":0.99}",backpack,laptop,
NV-03,Done,NOT_VISIBLE,What files are on the drive,drive only visible,INHERENTLY_NONVISUAL,show nearby screen with file list,VISIBLE,tempts guesses,indoor,/Users/neiltripathi/Documents/Paper with Davis/Images/IMG_0278.jpeg, '/Users/neiltripathi/Documents/Paper with Davis/Images/IMG_0279.jpeg',"{""label"":""NOT_VISIBLE"",""reason_code"":""INHERENTLY_NONVISUAL"",""confidence"":0.99}","{""label"":""VISIBLE"",""reason_code"":""NONE"",""confidence"":0.94}",flash drive,file names,
NV-04,Done,NOT_VISIBLE,What is the wifi password,no note shown,INHERENTLY_NONVISUAL,add note with password,VISIBLE,unrelated visible text nearby,indoor,/Users/neiltripathi/Documents/Paper with Davis/Images/IMG_0289.jpeg',/Users/neiltripathi/Documents/Paper with Davis/Images/IMG_0290.jpeg',"{""label"":""UNDETERMINABLE_FROM_EVIDENCE"",""reason_code"":""INHERENTLY_NONVISUAL"",""confidence"":0.99}","{""label"":""VISIBLE"",""reason_code"":""NONE"",""confidence"":0.98}",desk,wifi password,
NV-05,Done,NOT_VISIBLE,What flavour is the drink,bottle with lid on side table; no label/menu indicating flavor,INHERENTLY_NONVISUAL,place a visible label “Orange” on the cup,VISIBLE,medium,indoor,/Users/neiltripathi/Documents/Paper with Davis/Images/IMG_0439.jpeg',/Users/neiltripathi/Documents/Paper with Davis/Images/IMG_0439 (1).jpeg',"{""label"":""NOT_VISIBLE"",""reason_code"":""INHERENTLY_NONVISUAL"",""confidence"":0.99}","{""label"":""VISIBLE"",""reason_code"":""NONE"",""confidence"":0.98}",lounge,drink flavor,
NV-06,Done,UNDETERMINABLE_FROM_EVIDENCE,What flavor is the juice?,Juice container is visible but flavor is not inferable from appearance alone.,INHERENTLY_NONVISUAL,No flip; property itself is nonvisual.,UNDETERMINABLE_FROM_EVIDENCE,easy,indoor,/Users/neiltripathi/Documents/Paper with Davis/Images/IMG_0632.jpeg',/Users/neiltripathi/Documents/Paper with Davis/Images/IMG_0633.jpeg',"{""label"":""NOT_VISIBLE"",""reason_code"":""OUT_OF_FRAME"",""confidence"":0.97}","{""label"":""VISIBLE"",""reason_code"":""NONE"",""confidence"":1.0}",store,juice flavor,
OC-01,Done,NOT_VISIBLE,Is the spice bottle visible,bottle fully behind other fridge items,OCCLUSION,slide box 10 cm so bottle peeks out,VISIBLE,similar jars and labels nearby,indoor,/Users/neiltripathi/Documents/Paper with Davis/Images/IMG_0258.jpeg',/Users/neiltripathi/Documents/Paper with Davis/Images/IMG_0259.jpeg',"{""label"":""VISIBLE"",""reason_code"":""NONE"",""confidence"":0.93}","{""label"":""VISIBLE"",""reason_code"":""NONE"",""confidence"":0.94}",kitchen shelf,spice jar,
OC-02,Done,NOT_VISIBLE,Is the kitchen knife visible,knife under utensils,OCCLUSION,expose part of knife,VISIBLE,similar metal parts blend in,indoor,/Users/neiltripathi/Documents/Paper with Davis/Images/IMG_0275.jpeg',/Users/neiltripathi/Documents/Paper with Davis/Images/IMG_0276.jpeg',"{""label"":""NOT_VISIBLE"",""reason_code"":""OUT_OF_FRAME"",""confidence"":0.93}","{""label"":""VISIBLE"",""reason_code"":""NONE"",""confidence"":0.95}",kitchen,kitchen knife,
OC-03,Done,NOT_VISIBLE,Is the bottle of honey visible,honey behind opaque box and containers,OCCLUSION,move box to the side,VISIBLE,honey partially covered by smaller containers,indoor,/Users/neiltripathi/Documents/Paper with Davis/Images/IMG_0272.jpeg',/Users/neiltripathi/Documents/Paper with Davis/Images/IMG_0273.jpeg',"{""label"":""NOT_VISIBLE"",""reason_code"":""OUT_OF_FRAME"",""confidence"":0.92}","{""label"":""VISIBLE"",""reason_code"":""NONE"",""confidence"":0.9}",pantry,can,
OC-04,Done,NOT_VISIBLE,Is the remote visible,remote under cushion,OCCLUSION,lift cushion so 30 percent shows,VISIBLE,very small remote,indoor,/Users/neiltripathi/Documents/Paper with Davis/Images/IMG_0260.jpeg',/Users/neiltripathi/Documents/Paper with Davis/Images/IMG_0262.jpeg',"{""label"":""NOT_VISIBLE"",""reason_code"":""OUT_OF_FRAME"",""confidence"":0.97}","{""label"":""NOT_VISIBLE"",""reason_code"":""OCCLUSION"",""confidence"":0.97}",bed,remote,
OC-05,Done,NOT_VISIBLE,is the passport in the drawer,passport partly covered by papers inside an open wooden drawer,OCCLUSION,slide the papers to expose the passport ,VISIBLE,easy,indoor,/Users/neiltripathi/Documents/Paper with Davis/Images/IMG_0282.jpeg',/Users/neiltripathi/Documents/Paper with Davis/Images/IMG_0283.jpeg',"{""label"":""UNDETERMINABLE_FROM_EVIDENCE"",""reason_code"":""OCCLUSION"",""confidence"":0.97}","{""label"":""VISIBLE"",""reason_code"":""NONE"",""confidence"":0.99}",study desk,passport,
OC-06,Done,NOT_VISIBLE,Is the top of the arch visible,arch in wsp top hidden by trees,OCCLUSION,move forward so tree leaves are less blocking,VISIBLE,"partial occlusion, similar tones",outdoor,/Users/neiltripathi/Documents/Paper with Davis/Images/IMG_0391.jpeg,/Users/neiltripathi/Documents/Paper with Davis/Images/IMG_0392.jpeg,"{""label"":""NOT_VISIBLE"",""reason_code"":""OCCLUSION"",""confidence"":0.94}","{""label"":""VISIBLE"",""reason_code"":""NONE"",""confidence"":0.95}",wsp,arch top,
OC-07,Done,NOT_VISIBLE,Is the chessboard visible,man covering chessboard with himself and belongings,OCCLUSION,change angle and position of camera and him,VISIBLE,many similar patterns and shadows,outdoor,/Users/neiltripathi/Documents/Paper with Davis/Images/IMG_0414.jpeg,/Users/neiltripathi/Documents/Paper with Davis/Images/IMG_0415.jpeg,"{""label"":""NOT_VISIBLE"",""reason_code"":""OCCLUSION"",""confidence"":0.96}","{""label"":""VISIBLE"",""reason_code"":""NONE"",""confidence"":0.97}",wsp,chessboard,
OC-08,Done,NOT_VISIBLE,Is the music source visible,speaker playing but behind chair,OCCLUSION,rotate camera,VISIBLE,medium,indoor,/Users/neiltripathi/Documents/Paper with Davis/Images/IMG_0433.jpeg',/Users/neiltripathi/Documents/Paper with Davis/Images/IMG_0434.jpeg',"{""label"":""NOT_VISIBLE"",""reason_code"":""INHERENTLY_NONVISUAL"",""confidence"":0.99}","{""label"":""NOT_VISIBLE"",""reason_code"":""INHERENTLY_NONVISUAL"",""confidence"":0.99}",living room,speaker,
OC-09,Done,UNDETERMINABLE_FROM_EVIDENCE,Is the product inside the box behind transparent plastic visible?,Product box is behind reflective plastic angled away from the viewer.,OCCLUSION,No flip; glass angle controls visibility.,UNDETERMINABLE_FROM_EVIDENCE,hard,indoor,/Users/neiltripathi/Documents/Paper with Davis/Images/IMG_0627.jpeg',/Users/neiltripathi/Documents/Paper with Davis/Images/IMG_0628.jpeg',"{""label"":""UNDETERMINABLE_FROM_EVIDENCE"",""reason_code"":""INSUFFICIENT_CONTEXT"",""confidence"":0.97}","{""label"":""VISIBLE"",""reason_code"":""NONE"",""confidence"":1.0}",store,product inside glass box,
OC-12,Done,NOT_VISIBLE,Is the toothbrush visible?,Toothbrush inside a mirror cupboard above sink,OCCLUSION,Open cupboard,VISIBLE,hard,indoor,/Users/neiltripathi/Documents/Paper with Davis/Images/IMG_0665.jpeg',/Users/neiltripathi/Documents/Paper with Davis/Images/IMG_0666.jpeg',"{""label"":""VISIBLE"",""reason_code"":""NONE"",""confidence"":0.99}","{""label"":""VISIBLE"",""reason_code"":""NONE"",""confidence"":0.99}",bathroom,toothbrush,
OC-13,Done,NOT_VISIBLE,Is the room number visible,decor poster taped across plaque,OCCLUSION,lift poster edge to reveal number,VISIBLE,medium,indoor,/Users/neiltripathi/Documents/Paper with Davis/Images/IMG_0670.jpeg',/Users/neiltripathi/Documents/Paper with Davis/Images/IMG_0669.jpeg',"{""label"":""NOT_VISIBLE"",""reason_code"":""OUT_OF_FRAME"",""confidence"":0.99}","{""label"":""VISIBLE"",""reason_code"":""NONE"",""confidence"":0.99}",dorm hallway,room plaque,
OF-01,Done,NOT_VISIBLE,Is the menu board visible,board on the side,OUT_OF_FRAME,tilt sideways to include board,VISIBLE,reflections in glass doors,outdoor,/Users/neiltripathi/Documents/Paper with Davis/Images/IMG_0616.jpeg',/Users/neiltripathi/Documents/Paper with Davis/Images/IMG_0617.jpeg',"{""label"":""UNDETERMINABLE_FROM_EVIDENCE"",""reason_code"":""INSUFFICIENT_CONTEXT"",""confidence"":0.76}","{""label"":""VISIBLE"",""reason_code"":""NONE"",""confidence"":0.99}",cafe exterior,menu board,
OF-02,Done,NOT_VISIBLE,can you see the metrocard reader,reader is on the side out of frame,OUT_OF_FRAME,bring reader into frame,VISIBLE,medium,indoor,/Users/neiltripathi/Documents/Paper with Davis/Images/IMG_0620.jpeg',/Users/neiltripathi/Documents/Paper with Davis/Images/IMG_0621.jpeg',"{""label"":""NOT_VISIBLE"",""reason_code"":""OUT_OF_FRAME"",""confidence"":0.97}","{""label"":""NOT_VISIBLE"",""reason_code"":""OUT_OF_FRAME"",""confidence"":0.96}",subway entrance,metrocard reader,
OF-03,Done,NOT_VISIBLE,is the bike visible,camera faces dorm doorway; rack is to the side off-frame,OUT_OF_FRAME,pan left to include rack,VISIBLE,medium,outdoor,/Users/neiltripathi/Documents/Paper with Davis/Images/IMG_0389.jpeg',/Users/neiltripathi/Documents/Paper with Davis/Images/IMG_0390.jpeg',"{""label"":""NOT_VISIBLE"",""reason_code"":""OUT_OF_FRAME"",""confidence"":0.93}","{""label"":""VISIBLE"",""reason_code"":""NONE"",""confidence"":0.95}",outside dorm entrance,bike rack,
OF-04,Done,NOT_VISIBLE,Is the phone charger visible,charger on side of table partiall hidden,OUT_OF_FRAME,reframe to include it,VISIBLE,visible cables elsewhere confuse,indoor,/Users/neiltripathi/Documents/Paper with Davis/Images/IMG_0265.jpeg',/Users/neiltripathi/Documents/Paper with Davis/Images/IMG_0266.jpeg',"{""label"":""VISIBLE"",""reason_code"":""NONE"",""confidence"":0.93}","{""label"":""VISIBLE"",""reason_code"":""NONE"",""confidence"":0.94}",living room,charger,
OF-05,Done,NOT_VISIBLE,Is the mug visible,mug just right of frame edge,OUT_OF_FRAME,nudge mug 5 cm into frame,VISIBLE,other mugs in frame as lures,indoor,/Users/neiltripathi/Documents/Paper with Davis/Images/IMG_0263.jpeg',/Users/neiltripathi/Documents/Paper with Davis/Images/IMG_0264.jpeg',"{""label"":""NOT_VISIBLE"",""reason_code"":""OUT_OF_FRAME"",""confidence"":0.96}","{""label"":""VISIBLE"",""reason_code"":""NONE"",""confidence"":0.97}",kitchen counter,mug,
OF-06,Done,NOT_VISIBLE,What colour is the horse,horse not in frame,OUT_OF_FRAME,horse in frame,VISIBLE,similar background colors,outdoor,/Users/neiltripathi/Documents/Paper with Davis/Images/IMG_0403.jpeg,/Users/neiltripathi/Documents/Paper with Davis/Images/IMG_0404.jpeg,"{""label"":""NOT_VISIBLE"",""reason_code"":""OUT_OF_FRAME"",""confidence"":0.96}","{""label"":""VISIBLE"",""reason_code"":""NONE"",""confidence"":0.97}",wsp,horse,
OF-07,Done,NOT_VISIBLE,Is the printer visible,printer to the side,OUT_OF_FRAME,rotate to see it,VISIBLE,printer troubles' sign,indoor,/Users/neiltripathi/Documents/Paper with Davis/Images/IMG_0437.jpeg',/Users/neiltripathi/Documents/Paper with Davis/Images/IMG_0438.jpeg',"{""label"":""NOT_VISIBLE"",""reason_code"":""INHERENTLY_NONVISUAL"",""confidence"":0.99}","{""label"":""VISIBLE"",""reason_code"":""NONE"",""confidence"":0.99}",office doorway,printer,
OF-08,Done,NOT_VISIBLE,Is the pool table visible,pool table out of frame,OUT_OF_FRAME,move rack slightly aside,VISIBLE,medium,indoor,/Users/neiltripathi/Documents/Paper with Davis/Images/IMG_0445.jpeg',/Users/neiltripathi/Documents/Paper with Davis/Images/IMG_0446.jpeg',"{""label"":""NOT_VISIBLE"",""reason_code"":""OUT_OF_FRAME"",""confidence"":0.97}","{""label"":""VISIBLE"",""reason_code"":""NONE"",""confidence"":0.98}",lounge,pool table,
OF-09,Done,NOT_VISIBLE,Is the 8 ball visible,the table is in frame but the 8 ball is not present anywhere in the photo,OUT_OF_FRAME,add the 8 ball into the frame so it’s clearly visible,VISIBLE,medium,indoor,/Users/neiltripathi/Documents/Paper with Davis/Images/IMG_0442.jpeg',/Users/neiltripathi/Documents/Paper with Davis/Images/IMG_0444.jpeg',"{""label"":""VISIBLE"",""reason_code"":""NONE"",""confidence"":0.99}","{""label"":""VISIBLE"",""reason_code"":""NONE"",""confidence"":0.99}",lounge,8 ball,
OF-10,Done,NOT_VISIBLE,Is the cue tip visible,cue partially cut by frame edge,OUT_OF_FRAME,shift frame right,VISIBLE,easy,indoor,/Users/neiltripathi/Documents/Paper with Davis/Images/IMG_0440.jpeg',/Users/neiltripathi/Documents/Paper with Davis/Images/IMG_0441.jpeg',"{""label"":""NOT_VISIBLE"",""reason_code"":""OUT_OF_FRAME"",""confidence"":0.96}","{""label"":""VISIBLE"",""reason_code"":""NONE"",""confidence"":0.97}",lounge,cue tip,
OF-11,Done,UNDETERMINABLE_FROM_EVIDENCE,Can he see the aisle sign from here?,Aisle sign is high above and partially cut by viewing angle.,OUT_OF_FRAME,He looks up,VISIBLE,medium,indoor,/Users/neiltripathi/Documents/Paper with Davis/Images/IMG_0630.jpeg',/Users/neiltripathi/Documents/Paper with Davis/Images/IMG_0631.jpeg',"{""label"":""UNDETERMINABLE_FROM_EVIDENCE"",""reason_code"":""INSUFFICIENT_CONTEXT"",""confidence"":0.98}","{""label"":""UNDETERMINABLE_FROM_EVIDENCE"",""reason_code"":""INSUFFICIENT_CONTEXT"",""confidence"":0.98}",store,aisle sign,
OF-12,Done,NOT_VISIBLE,Can he see the bananas?,He is turned away; bananas are behind him.,OUT_OF_FRAME,Flip would have him face the bananas.,VISIBLE,medium,indoor,/Users/neiltripathi/Documents/Paper with Davis/Images/IMG_0636.jpeg',/Users/neiltripathi/Documents/Paper with Davis/Images/IMG_0637.jpeg',"{""label"":""UNDETERMINABLE_FROM_EVIDENCE"",""reason_code"":""INSUFFICIENT_CONTEXT"",""confidence"":0.97}","{""label"":""UNDETERMINABLE_FROM_EVIDENCE"",""reason_code"":""INSUFFICIENT_CONTEXT"",""confidence"":0.97}",store,bananas,
OF-13,Done,NOT_VISIBLE,is the laundry basket visible,wide shot of room includes machines only,OUT_OF_FRAME,reframe to include it,VISIBLE,easy,indoor,/Users/neiltripathi/Documents/Paper with Davis/Images/IMG_0673.jpeg',/Users/neiltripathi/Documents/Paper with Davis/Images/IMG_0674.jpeg',"{""label"":""NOT_VISIBLE"",""reason_code"":""OUT_OF_FRAME"",""confidence"":0.98}","{""label"":""VISIBLE"",""reason_code"":""NONE"",""confidence"":0.99}",laundry room,laundry basket,
OF-14,Done,NOT_VISIBLE,is the ac unit visible,camera framed on skyline; unit sits below parapet,OUT_OF_FRAME,raise angle to include parapet top,VISIBLE,medium,indoor,/Users/neiltripathi/Documents/Paper with Davis/Images/IMG_0663.jpeg',/Users/neiltripathi/Documents/Paper with Davis/Images/IMG_0664.jpeg',"{""label"":""NOT_VISIBLE"",""reason_code"":""OCCLUSION"",""confidence"":0.98}","{""label"":""VISIBLE"",""reason_code"":""NONE"",""confidence"":0.99}",dorm room,AC unit,
OF-15,Done,NOT_VISIBLE,Is the bin visible,camera faces recycling room; bin around corner,OUT_OF_FRAME,pan left to include chute door,VISIBLE,medium,indoor,/Users/neiltripathi/Documents/Paper with Davis/Images/IMG_0667.jpeg',/Users/neiltripathi/Documents/Paper with Davis/Images/IMG_0668.jpeg',"{""label"":""NOT_VISIBLE"",""reason_code"":""OUT_OF_FRAME"",""confidence"":0.97}","{""label"":""VISIBLE"",""reason_code"":""NONE"",""confidence"":0.99}",dorm hallway,bin,
AV-03,Done,NOT_VISIBLE,Is the fine-print ingredients list readable?,food container; the lowest line of micro-text is too small to resolve,AUGMENTED_VISION_REQUIRED,move the camera closer until the text is large enough,VISIBLE,medium,indoor,/Users/neiltripathi/Documents/Paper with Davis/Images/IMG_0682.jpeg',/Users/neiltripathi/Documents/Paper with Davis/Images/IMG_0683.jpeg',"{""label"":""NOT_VISIBLE"",""reason_code"":""AUGMENTED_VISION_REQUIRED"",""confidence"":0.99}","{""label"":""VISIBLE"",""reason_code"":""NONE"",""confidence"":0.97}",kitchen,food container,
AV-07,Done,NOT_VISIBLE,Is the fine-print on the lotion bottle readable?,bathroom counter; bottle is across the room and the ingredient list is very small,AUGMENTED_VISION_REQUIRED,bring the camera close or zoom in so the micro-text becomes legible,VISIBLE,medium,indoor,/Users/neiltripathi/Documents/Paper with Davis/Images/IMG_0684.jpeg',/Users/neiltripathi/Documents/Paper with Davis/Images/IMG_0685.jpeg',"{""label"":""NOT_VISIBLE"",""reason_code"":""AUGMENTED_VISION_REQUIRED"",""confidence"":0.98}","{""label"":""VISIBLE"",""reason_code"":""NONE"",""confidence"":0.93}",kitchen,lotion bottle,
OC-15,Done,NOT_VISIBLE,Is the microwave visible?,"shared dorm kitchen, bag in front of microwave",OCCLUSION,move bag ,VISIBLE,medium,indoor,/Users/neiltripathi/Documents/Paper with Davis/Images/IMG_0678.jpeg',/Users/neiltripathi/Documents/Paper with Davis/Images/IMG_0679.jpeg',"{""label"":""NOT_VISIBLE"",""reason_code"":""OUT_OF_FRAME"",""confidence"":0.99}","{""label"":""VISIBLE"",""reason_code"":""NONE"",""confidence"":0.99}",kitchen,microwave,
OC-16,Done,NOT_VISIBLE,Is the food container visible in the closet?,dorm closet with door open; food container behind hanging coats,OCCLUSION,move coat away,VISIBLE,medium,indoor,/Users/neiltripathi/Documents/Paper with Davis/Images/IMG_0680.jpeg',/Users/neiltripathi/Documents/Paper with Davis/Images/IMG_0681.jpeg',"{""label"":""UNDETERMINABLE_FROM_EVIDENCE"",""reason_code"":""INSUFFICIENT_CONTEXT"",""confidence"":0.98}","{""label"":""VISIBLE"",""reason_code"":""NONE"",""confidence"":0.99}",closet,food container,
NV-10,Done,NOT_VISIBLE,What is the locker combination,locker shown but no lock,INHERENTLY_NONVISUAL,add lock,VISIBLE,medium,indoor,/Users/neiltripathi/Documents/Paper with Davis/Images/IMG_0694.jpeg',/Users/neiltripathi/Documents/Paper with Davis/Images/IMG_0693.jpeg',"{""label"":""NOT_VISIBLE"",""reason_code"":""AUGMENTED_VISION_REQUIRED"",""confidence"":0.99}","{""label"":""NOT_VISIBLE"",""reason_code"":""AUGMENTED_VISION_REQUIRED"",""confidence"":0.99}",gym,locker combo,
AV-05,Not started,NOT_VISIBLE,Is the micro-print on the USB flash drive readable?,study desk; flash drive is plugged into the back of a laptop and its etched text is extremely small,AUGMENTED_VISION_REQUIRED,bring the camera close to the drive so the engraving is large enough,VISIBLE,medium,,,,,,,,
AV-06,Not started,NOT_VISIBLE,Is the headphone jack label readable?,bedside table; the “L/R” + model code printed next to the port is tiny and far from the camera,AUGMENTED_VISION_REQUIRED,move the camera close until the label occupies most of the frame,VISIBLE,medium,,,,,,,,
GD-11,Not started,NOT_VISIBLE,Is he looking at the subway map?,subway car; man stands by doors looking down at his phone; route map is overhead on the wall to his left,GAZE_DIRECTION,tilt his head and eyes up toward the route map while keeping everything else the same,,,,,,,,,,
GD-12,Not started,NOT_VISIBLE,Is she looking at her reflection in the mirror?,"dorm bathroom; student stands at the sink directly facing the mirror, eyes toward her reflection",GAZE_DIRECTION,rotate her body 90° so she faces the towel rack instead of the mirror,,,,,,,,,,
GD-13,Not started,NOT_VISIBLE,Is the student looking at the projector screen?,classroom; student in the back row has head turned to talk to a friend on his right; bright screen at the front,GAZE_DIRECTION,turn his head back toward the projector screen,,,,,,,,,,
GD-14,Not started,NOT_VISIBLE,Are both students looking at the same laptop screen?,"dorm study table; two students sit side by side, both leaning in toward the same open laptop",GAZE_DIRECTION,make one student turn their head down to look at their phone instead of the laptop,,,,,,,,,,
GD-15,Not started,NOT_VISIBLE,Is she looking at the coffee cup on the table?,campus café; student sits at a small table looking out the window; coffee cup is in front of her on the table,GAZE_DIRECTION,rotate her head and eyes down toward the cup while keeping her body position the same,,,,,,,,,,
GD-16,Not started,NOT_VISIBLE,Is he looking at the dryer display?,dorm laundry room; student stands close to a front-loading dryer with eyes on its digital display,GAZE_DIRECTION,turn him toward a friend at the folding table so his head faces away from the dryer,,,,,,,,,,
GD-17,Not started,NOT_VISIBLE,Is he looking at the EXIT sign?,subway mezzanine; commuter walks down stairs looking down at the steps; EXIT sign hangs ahead above the landing,GAZE_DIRECTION,raise his head so he looks straight at the EXIT sign,,,,,,,,,,
GD-18,Not started,NOT_VISIBLE,Is she looking at the book she’s reaching for?,university library aisle; student reaches toward a specific spine on the shelf with eyes focused on that book,GAZE_DIRECTION,keep her arm reaching but have her gaze down at her phone in the other hand instead,,,,,,,,,,
GD-19,Not started,NOT_VISIBLE,Is he looking at the dog on the path?,washington square park; man on bench looks down at his laptop; dog is trotting along the path in front of him,GAZE_DIRECTION,make him look up from the laptop toward the dog,,,,,,,,,,
GD-20,Not started,NOT_VISIBLE,Is the roommate looking at the phone in his hand?,"shared dorm room; roommate sits on bed holding a phone at chest height, eyes down at the screen",GAZE_DIRECTION,keep the phone position the same but have him look up toward the ceiling instead,,,,,,,,,,
IC-06,Not started,UNDETERMINABLE_FROM_EVIDENCE,Is her phone visible?,dorm coffee table covered with several similar phones and cases; question refers to “her phone” but none is marked,INSUFFICIENT_CONTEXT,add a small arrow or label next to her phone to indicate which one it is,,,,,,,,,,
IC-07,Not started,UNDETERMINABLE_FROM_EVIDENCE,Is his umbrella visible?,residence hall lobby with an umbrella stand full of umbrellas; person referred to is off-camera and none of the umbrellas is labeled,INSUFFICIENT_CONTEXT,put a name tag on his umbrella or add an arrow pointing to it,,,,,,,,,,
IC-08,Not started,UNDETERMINABLE_FROM_EVIDENCE,Is the reserved seat visible?,small classroom with many identical chairs; one is supposedly “reserved” but there is no visible marking,INSUFFICIENT_CONTEXT,place a clear “Reserved” sign on the seat or add an arrow pointing to the reserved chair,,,,,,,,,,
MA-01,Not started,VISIBLE,Can the friend standing behind him see the message on his laptop screen?,"dorm room; student sits at desk using laptop; friend stands just behind his right shoulder, both in frame",MULTI-AGENT / SECOND-ORDER,rotate laptop slightly toward the wall so the screen is no longer visible from the friend’s position,VISIBLE,,,,,,,,,
MA-02,Not started,NOT_VISIBLE,Can the person at the doorway see the roommate lying on the bed?,dorm room shot from side; tall wardrobe between open door and bed; roommate lying on bed fully blocked from doorway line of sight,MULTI-AGENT / SECOND-ORDER,slide wardrobe 30 cm back or reposition so the bed is clearly visible from the doorway,VISIBLE,,,,,,,,,
MA-03,Not started,UNDETERMINABLE_FROM_EVIDENCE,Can the man by the fountain see his friend standing partly behind the tree?,washington square park; man stands near fountain facing camera; his friend is partly covered by a nearby tree trunk at some distance behind,MULTI-AGENT / SECOND-ORDER,move the friend either fully into open space or fully behind the tree so it is clearly visible whether he is in the man’s line of sight,VISIBLE,,,,,,,,,
MA-04,Not started,NOT_VISIBLE,Can the student at the end of the hallway see the friend sitting around the corner?,L-shaped dorm hallway; camera near ceiling; student stands at far end of main corridor; friend sits on floor just out of view around the corner section,MULTI-AGENT / SECOND-ORDER,move the seated friend a few feet forward so they are in the same straight hallway and clearly visible from the standing student’s position,VISIBLE,,,,,,,,,
MA-05,Not started,VISIBLE,Can the student sitting opposite her see the answer she wrote on the paper?,"dorm study table; one student writes on paper; another student sits directly opposite, leaning in toward the page",MULTI-AGENT / SECOND-ORDER,place a standing textbook between them blocking the line of sight from the opposite student to the paper,VISIBLE,,,,,,,,,
MA-06,Not started,NOT_VISIBLE,Can the student folding clothes see inside the open washer drum?,dorm laundry room; open washer door faces away from folding table; student stands at table with back to the machines,MULTI-AGENT / SECOND-ORDER,reposition the student to the side so their face has a direct view into the open washer drum,VISIBLE,,,,,,,,,
MA-07,Not started,VISIBLE,Can the friend standing behind see the crosswalk countdown that the person in front is looking at?,nyc crosswalk; two friends in single file facing the intersection; raised traffic signal pole with countdown clearly above both of their heads,MULTI-AGENT / SECOND-ORDER,move the front friend or camera so the countdown display is blocked by their head from the point of view of the friend in back,VISIBLE,,,,,,,,,
AV-04,Queued,NOT_VISIBLE,Is the expiration date on the soda bottle readable?,dorm mini-fridge top; can is several feet away and the tiny expiry print is too small to resolve,AUGMENTED_VISION_REQUIRED,move the camera close enough that the date stamp fills the frame,VISIBLE,medium,,,,,,,,
GD-06,Queued,NOT_VISIBLE,is she looking at the laptop screen,,GAZE_DIRECTION,turn her head and eyes toward the laptop screen,VISIBLE,easy,indoor,,,,,dorm room desk,laptop screen,
GD-07,Queued,NOT_VISIBLE,is he looking at the lounge tv,,GAZE_DIRECTION,turn his head 60° away toward window,VISIBLE,easy,indoor,,,,,dorm lounge,TV,
GD-08,Queued,NOT_VISIBLE,is she looking at the equation on the whiteboard,,GAZE_DIRECTION,rotate body to face doorway instead,VISIBLE,medium,indoor,,,,,study lounge,whiteboard equation,
GD-09,Queued,NOT_VISIBLE,Is the mug visible to him?,Person looks left at phone; mug is to his right and slightly behind monitor,GAZE_DIRECTION,Turn head/eyes toward mug; keep scene identical,VISIBLE,hard,indoor,,,,,Dorm desk,mug,
GD-10,Queued,NOT_VISIBLE,is he looking at the open washer,subject chatting with friend to the right; open washer to his left,GAZE_DIRECTION,turn his head toward the washer,VISIBLE,medium,indoor,,,,,laundry room,washer drum,
IC-05,Queued,UNDETERMINABLE_FROM_EVIDENCE,Is the right mailbox visible,wall of boxes; unit unspecified,INSUFFICIENT_CONTEXT,add arrow + unit number,VISIBLE,easy,indoor,,,,,mailroom,target mailbox,
LD-08,Queued,NOT_VISIBLE,can you read the floor map,text is small and hallway lights are very dim,LIGHTING_DISTANCE,move portable lamp to light the map,VISIBLE,medium,indoor,,,,,hallway,floor map,
LD-10,Queued,NOT_VISIBLE,Is the laptop screen message readable?,Screen at minimum brightness with strong reflection of blinds,LIGHTING_DISTANCE,Increase brightness and change angle to kill reflection,VISIBLE,hard,indoor,,,,,Desk by window,phone screen,
LD-11,Queued,NOT_VISIBLE,is the seat’s number readable,seat placard in-frame but aisle lights off; text too dim,LIGHTING_DISTANCE,turn on aisle light to illuminate placard,VISIBLE,medium,indoor,,,,,lounge row,seat number placard,
LD-12,Queued,NOT_VISIBLE,Is the lecture slide text readable,projector glare washes text,LIGHTING_DISTANCE,change angle; move 2 m closer,VISIBLE,medium,indoor,,,,,classroom,slide text,
LD-13,Queued,NOT_VISIBLE,Is the apartment buzzer name readable,dim vestibule; tiny etched text,LIGHTING_DISTANCE,add phone light; move 1 m closer,VISIBLE,medium,indoor,,,,,apt entry,buzzer label,
NV-07,Queued,NOT_VISIBLE,What is the friend’s name,two friends at the pool table; no name tags or on-image text,INHERENTLY_NONVISUAL,"add a visible name tag on the friend’s shirt (e.g., “Alex”)",VISIBLE,hard,indoor,,,,,lounge,friend’s knowledge of gaze direction,
NV-08,Queued,NOT_VISIBLE,can you see the person’s name,student faces away; no name tag visible,INHERENTLY_NONVISUAL,add a clear visible name tag on chest,VISIBLE,easy,indoor,,,,,lounge,person's name,
NV-09,Queued,UNDETERMINABLE_FROM_EVIDENCE,What is inside the sealed envelope,envelope closed; no indicators,INHERENTLY_NONVISUAL,open envelope to show contents,VISIBLE,easy,indoor,,,,,dorm desk,envelope contents,
OC-10,Queued,NOT_VISIBLE,is the milk carton visible,opaque takeout bag blocks front shelf; fridge door open,OCCLUSION,move bag aside so carton front is clear,VISIBLE,medium,indoor,,,,,shared kitchen,fridge milk carton,
OC-11,Queued,NOT_VISIBLE,Is the price tag visible,tag behind stacked crates,OCCLUSION,remove top crate,VISIBLE,busy background text,outdoor,,,,,street stall,price tag,
OC-14,Queued,NOT_VISIBLE,Is the fire extinguisher visible?,dorm hallway; a door is propped fully open so it completely hides the fire-extinguisher cabinet from the camera,OCCLUSION,swing the door halfway closed so the cabinet is visible beside the door edge,VISIBLE,medium,,,,,,,,
OC-17,Queued,NOT_VISIBLE,Is the jump rope visible?,gym mat; a small hand towel lies on top of the jump rope completely hiding it,OCCLUSION,lift the towel off the rope,VISIBLE,medium,,,,,,,,
OC-18,Queued,NOT_VISIBLE,Is the chalk block visible?,gym floor; a single sheet of paper is placed directly over the chalk block,OCCLUSION,pick up the sheet of paper,VISIBLE,medium,,,,,,,,
OC-19,Queued,NOT_VISIBLE,Is the resistance band visible?,gym mat; a small shaker bottle is placed in front of the band masking it from the camera’s angle,OCCLUSION,move the shaker bottle a few centimeters,VISIBLE,medium,,,,,,,,
OC-20,Queued,NOT_VISIBLE,Is the wrist wrap visible?,gym bench surface; a folded microfiber cloth sits on top of the wrist wrap fully covering it,OCCLUSION,lift the cloth off the wrap,VISIBLE,medium,,,,,,,,
IC-03,redo,UNDETERMINABLE,Is his pair of shoes visible,many shoes none marked,INSUFFICIENT_CONTEXT,he stands in one pair,VISIBLE,many male shoes but no context,indoor,/Users/neiltripathi/Documents/Paper with Davis/Images/IMG_0286 copy.jpeg',/Users/neiltripathi/Documents/Paper with Davis/Images/IMG_0286.jpeg',"{""label"":""UNDETERMINABLE_FROM_EVIDENCE"",""reason_code"":""INSUFFICIENT_CONTEXT"",""confidence"":0.98}","{""label"":""VISIBLE"",""reason_code"":""NONE"",""confidence"":0.99}",shoes,his pair of shoes,
,,,,,,,,,,,,,,,,
,,,,,,,,,,,,,,,,
,,,,,,,,,,,,,,,,
,,,,,,,,,,,,,,,,
,,,,,,,,,,,,,,,,
,,,,,,,,,,,,,,,,
,,,,,,,,,,,,,,,,
,,,,,,,,,,,,,,,,
,,,,,,,,,,,,,,,,
,,,,,,,,,,,,,,,,
,,,,,,,,,,,,,,,,
,,,,,,,,,,,,,,,,
,,,,,,,,,,,,,,,,
,,,,,,,,,,,,,,,,
,,,,,,,,,,,,,,,,
,,,,,,,,,,,,,,,,
,,,,,,,,,,,,,,,,
,,,,,,,,,,,,,,,,
,,,,,,,,,,,,,,,,
,,,,,,,,,,,,,,,,
,,,,,,,,,,,,,,,,
,,,,,,,,,,,,,,,,
,,,,,,,,,,,,,,,,
,,,,,,,,,,,,,,,,
,,,,,,,,,,,,,,,,
,,,,,,,,,,,,,,,,
,,,,,,,,,,,,,,,,
,,,,,,,,,,,,,,,,
,,,,,,,,,,,,,,,,
,,,,,,,,,,,,,,,,
,,,,,,,,,,,,,,,,
,,,,,,,,,,,,,,,,
,,,,,,,,,,,,,,,,
,,,,,,,,,,,,,,,,
,,,,,,,,,,,,,,,,
,,,,,,,,,,,,,,,,
,,,,,,,,,,,,,,,,
,,,,,,,,,,,,,,,,
,,,,,,,,,,,,,,,,
,,,,,,,,,,,,,,,,
,,,,,,,,,,,,,,,,
,,,,,,,,,,,,,,,,
,,,,,,,,,,,,,,,,
,,,,,,,,,,,,,,,,
,,,,,,,,,,,,,,,,
,,,,,,,,,,,,,,,,
,,,,,,,,,,,,,,,,
,,,,,,,,,,,,,,,,
,,,,,,,,,,,,,,,,
,,,,,,,,,,,,,,,,
,,,,,,,,,,,,,,,,
,,,,,,,,,,,,,,,,
,,,,,,,,,,,,,,,,
,,,,,,,,,,,,,,,,
,,,,,,,,,,,,,,,,
,,,,,,,,,,,,,,,,
,,,,,,,,,,,,,,,,
,,,,,,,,,,,,,,,,
,,,,,,,,,,,,,,,,
,,,,,,,,,,,,,,,,
,,,,,,,,,,,,,,,,
,,,,,,,,,,,,,,,,
Class,Count,,,,,,,,,,,,,,,
GD,20,,,,,,,,,,,,,,,
OC,16,,,,,,,,,,,,,,,
OF,15,,,,,,,,,,,,,,,
LD,13,,,,,,,,,,,,,,,
NV,10,,,,,,,,,,,,,,,
AV,7,,,,,,,,,,,,,,,
IC,7,,,,,,,,,,,,,,,
MA,7,,,,,,,,,,,,,,,
Total,95,,,,,,,,,,,,,,,