ID,Status,base_setup,base_question,flip_question,flip_change,pic_base,pic_flip,indoor_outdoor,id,gpt_I0q0_json,gpt_I0q1_json,gpt_I1q0_json,gpt_I1q1_json
AV-01,Done,Street view with distant building numbers,Is a building number clearly readable in this photo?,"Is the building number unreadable in this photo (too small, blurred, or too far)?",Move closer to a building entrance so the number is clearly visible,/Users/neiltripathi/Documents/Paper with Davis/Images/IMG_0618.jpeg,/Users/neiltripathi/Documents/Paper with Davis/Images/IMG_0619.jpeg,outdoor,AV-01,"{""label"":""NOT_VISIBLE"",""reason_code"":""NONE"",""confidence"":0.95}","{""label"":""VISIBLE"",""reason_code"":""NONE"",""confidence"":0.98}","{""label"":""VISIBLE"",""reason_code"":""NONE"",""confidence"":0.98}","{""label"":""NOT_VISIBLE"",""reason_code"":""NONE"",""confidence"":1.0}"
AV-02,Done,"View of dollar bill, cannot see serial clearly.",Is the serial number on the bill clearly readable in this photo?,"Is the serial number unreadable in this photo (too small, blurred, or unclear)?",macro close up,/Users/neiltripathi/Documents/Paper with Davis/Images/IMG_0293.jpeg,/Users/neiltripathi/Documents/Paper with Davis/Images/IMG_0294.jpeg,indoor,AV-02,"{""label"":""NOT_VISIBLE"",""reason_code"":""LIGHTING_DISTANCE"",""confidence"":0.95}","{""label"":""VISIBLE"",""reason_code"":""NONE"",""confidence"":0.95}","{""label"":""VISIBLE"",""reason_code"":""NONE"",""confidence"":1.0}","{""label"":""NOT_VISIBLE"",""reason_code"":""NONE"",""confidence"":1.0}"
AV-03,Done,"Food container, micro-text too small.",Is the ingredients fine print clearly readable in this photo?,Is the ingredients fine print unreadable in this photo (too small or blurred)?,move the camera closer until the text is large enough,/Users/neiltripathi/Documents/Paper with Davis/Images/IMG_0682.jpeg,/Users/neiltripathi/Documents/Paper with Davis/Images/IMG_0683.jpeg,indoor,AV-03,"{""label"":""NOT_VISIBLE"",""reason_code"":""LIGHTING_DISTANCE"",""confidence"":1.0}","{""label"":""VISIBLE"",""reason_code"":""NONE"",""confidence"":0.95}","{""label"":""VISIBLE"",""reason_code"":""NONE"",""confidence"":0.95}","{""label"":""NOT_VISIBLE"",""reason_code"":""NONE"",""confidence"":0.99}"
AV-04,Done,Laptop with text on screen.,Is the small text on the laptop screen clearly readable in this photo?,Is the laptop screen text unreadable in this photo (too small or unclear)?,move closer to see the text,/Users/neiltripathi/Documents/Paper with Davis/Images/IMG_1111.jpeg,/Users/neiltripathi/Documents/Paper with Davis/Images/IMG_1112.jpeg,indoor,AV-04,"{""label"":""NOT_VISIBLE"",""reason_code"":""LIGHTING_DISTANCE"",""confidence"":0.95}","{""label"":""VISIBLE"",""reason_code"":""NONE"",""confidence"":0.95}","{""label"":""NOT_VISIBLE"",""reason_code"":""NONE"",""confidence"":0.95}","{""label"":""NOT_VISIBLE"",""reason_code"":""NONE"",""confidence"":0.95}"
AV-05,Done,Medicine bottle far away; text blurry,Is the medicine bottle ingredient list clearly readable in this photo?,Is the medicine bottle ingredient list unreadable in this photo (too small or blurry)?,use a magnifying glass or phone zoom held near the label so the ingredient list is sharp and readable,/Users/neiltripathi/Documents/Paper with Davis/Images/IMG_0933.jpeg,/Users/neiltripathi/Documents/Paper with Davis/Images/IMG_0934.jpeg,indoor,AV-05,"{""label"":""NOT_VISIBLE"",""reason_code"":""LIGHTING_DISTANCE"",""confidence"":0.95}","{""label"":""VISIBLE"",""reason_code"":""NONE"",""confidence"":0.95}","{""label"":""VISIBLE"",""reason_code"":""NONE"",""confidence"":0.95}","{""label"":""VISIBLE"",""reason_code"":""NONE"",""confidence"":0.95}"
AV-06,Done,Yogurt container on table; expiration date too small to read,Is the yoghurt expiration date clearly readable in this photo?,Is the yoghurt expiration date unreadable in this photo (too small or blurry)?,pick up the container and use a close up shot so the expiration date fills the frame and the numbers are sharp and readable,/Users/neiltripathi/Documents/Paper with Davis/Images/IMG_1103.jpeg,/Users/neiltripathi/Documents/Paper with Davis/Images/IMG_1104.jpeg,indoor,AV-06,"{""label"":""NOT_VISIBLE"",""reason_code"":""OCCLUSION"",""confidence"":0.95}","{""label"":""NOT_VISIBLE"",""reason_code"":""NONE"",""confidence"":0.95}","{""label"":""VISIBLE"",""reason_code"":""NONE"",""confidence"":1.0}","{""label"":""NOT_VISIBLE"",""reason_code"":""NONE"",""confidence"":0.99}"
AV-07,Done,Lotion bottle far away; tiny text.,Is the lotion bottle fine print clearly readable in this photo?,Is the lotion bottle fine print unreadable in this photo (too small or unclear)?,bring the camera close or zoom in so the micro-text becomes legible,/Users/neiltripathi/Documents/Paper with Davis/Images/IMG_0684.jpeg,/Users/neiltripathi/Documents/Paper with Davis/Images/IMG_0685.jpeg,indoor,AV-07,"{""label"":""NOT_VISIBLE"",""reason_code"":""LIGHTING_DISTANCE"",""confidence"":0.95}","{""label"":""VISIBLE"",""reason_code"":""NONE"",""confidence"":0.95}","{""label"":""VISIBLE"",""reason_code"":""NONE"",""confidence"":1.0}","{""label"":""VISIBLE"",""reason_code"":""NONE"",""confidence"":0.95}"
GD-01,Done,Couple sitting next to each other.,Are the two people clearly looking at each other (mutual gaze)?,Are the two people clearly not looking at each other?,couple look at each other,/Users/neiltripathi/Documents/Paper with Davis/Images/IMG_0394.jpeg,/Users/neiltripathi/Documents/Paper with Davis/Images/IMG_0399.jpeg,outdoor,GD-01,"{""label"":""NOT_VISIBLE"",""reason_code"":""GAZE_DIRECTION"",""confidence"":0.9}","{""label"":""VISIBLE"",""reason_code"":""NONE"",""confidence"":0.95}","{""label"":""ABSTAIN"",""reason_code"":""INSUFFICIENT_CONTEXT"",""confidence"":0.8}","{""label"":""VISIBLE"",""reason_code"":""NONE"",""confidence"":0.95}"
GD-02,Done,Man turned away from cello.,Is he clearly looking at the cello (eyes directed at it)?,Is he clearly looking away from the cello?,turn his head and eyes down toward the cello while he plays it,/Users/neiltripathi/Documents/Paper with Davis/Images/IMG_0410.jpeg,/Users/neiltripathi/Documents/Paper with Davis/Images/IMG_0411.jpeg,outdoor,GD-02,"{""label"":""ABSTAIN"",""reason_code"":""INSUFFICIENT_CONTEXT"",""confidence"":0.9}","{""label"":""VISIBLE"",""reason_code"":""NONE"",""confidence"":0.95}","{""label"":""ABSTAIN"",""reason_code"":""INSUFFICIENT_CONTEXT"",""confidence"":0.9}","{""label"":""VISIBLE"",""reason_code"":""NONE"",""confidence"":0.95}"
GD-03,Done,"Friends walking, heads not facing camera.",Are they clearly looking towards the camera (posing for a photo)?,Are they clearly not looking towards the camera?,"have them stop and pose, all turning their heads and eyes toward the camera as if taking a picture",/Users/neiltripathi/Documents/Paper with Davis/Images/IMG_8024.jpeg,/Users/neiltripathi/Documents/Paper with Davis/Images/IMG_8023.jpeg,outdoor,GD-03,"{""label"":""VISIBLE"",""reason_code"":""NONE"",""confidence"":0.9}","{""label"":""VISIBLE"",""reason_code"":""NONE"",""confidence"":0.9}","{""label"":""VISIBLE"",""reason_code"":""NONE"",""confidence"":0.95}","{""label"":""VISIBLE"",""reason_code"":""NONE"",""confidence"":0.95}"
GD-04,Done,Sunglasses hide eyes.,Are his eyes and gaze direction clearly visible in this photo?,Is his gaze direction not visible in this photo (eyes hidden/obscured)?,remove sunglasses or add transparent ones so gaze direction is clear,/Users/neiltripathi/Documents/Paper with Davis/Images/IMG_0431.JPG,/Users/neiltripathi/Documents/Paper with Davis/Images/IMG_0432.JPG,indoor,GD-04,"{""label"":""NOT_VISIBLE"",""reason_code"":""OCCLUSION"",""confidence"":1.0}","{""label"":""VISIBLE"",""reason_code"":""NONE"",""confidence"":0.95}","{""label"":""VISIBLE"",""reason_code"":""NONE"",""confidence"":0.95}","{""label"":""NOT_VISIBLE"",""reason_code"":""NONE"",""confidence"":1.0}"
GD-05,Done,He is looking sideways.,Is the snowman clearly within his line of sight in this photo?,Is the snowman clearly outside his line of sight in this photo?,Flip would have him face the snowman directly.,/Users/neiltripathi/Documents/Paper with Davis/Images/IMG_0625.jpeg,/Users/neiltripathi/Documents/Paper with Davis/Images/IMG_0626.jpeg,outdoor,GD-05,"{""label"":""VISIBLE"",""reason_code"":""NONE"",""confidence"":0.95}","{""label"":""VISIBLE"",""reason_code"":""NONE"",""confidence"":0.95}","{""label"":""VISIBLE"",""reason_code"":""NONE"",""confidence"":0.95}","{""label"":""VISIBLE"",""reason_code"":""NONE"",""confidence"":0.95}"
GD-06,Done,Student facing roommate instead of laptop.,Is he clearly looking at the laptop screen?,Is he clearly not looking at the laptop screen?,turn his head and eyes toward the laptop screen while keeping her body position the same,/Users/neiltripathi/Documents/Paper with Davis/Images/IMG_0976.jpeg,/Users/neiltripathi/Documents/Paper with Davis/Images/IMG_0983.jpeg,indoor,GD-06,"{""label"":""NOT_VISIBLE"",""reason_code"":""GAZE_DIRECTION"",""confidence"":1.0}","{""label"":""VISIBLE"",""reason_code"":""NONE"",""confidence"":1.0}","{""label"":""VISIBLE"",""reason_code"":""NONE"",""confidence"":0.9}","{""label"":""VISIBLE"",""reason_code"":""NONE"",""confidence"":0.95}"
GD-07,Done,Bananas behind him.,Can he clearly see the bananas from where he is (in his forward view)?,Can he clearly not see the bananas from where he is?,turn his head and eyes around so he is clearly facing the banana stand,/Users/neiltripathi/Documents/Paper with Davis/Images/IMG_0636.jpeg,/Users/neiltripathi/Documents/Paper with Davis/Images/IMG_0637.jpeg,indoor,GD-07,"{""label"":""ABSTAIN"",""reason_code"":""GAZE_DIRECTION"",""confidence"":0.9}","{""label"":""NOT_VISIBLE"",""reason_code"":""GAZE_DIRECTION"",""confidence"":0.95}","{""label"":""VISIBLE"",""reason_code"":""NONE"",""confidence"":0.98}","{""label"":""NOT_VISIBLE"",""reason_code"":""NONE"",""confidence"":0.95}"
GD-08,Done,Looking down; sign overhead.,Can he clearly see the aisle sign from where he is (in his view)?,Can he clearly not see the aisle sign from where he is?,raise his head and eyes so he is clearly looking up at the aisle sign,/Users/neiltripathi/Documents/Paper with Davis/Images/IMG_0630.jpeg,/Users/neiltripathi/Documents/Paper with Davis/Images/IMG_0631.jpeg,indoor,GD-08,"{""label"":""NOT_VISIBLE"",""reason_code"":""GAZE_DIRECTION"",""confidence"":0.95}","{""label"":""VISIBLE"",""reason_code"":""NONE"",""confidence"":0.95}","{""label"":""NOT_VISIBLE"",""reason_code"":""GAZE_DIRECTION"",""confidence"":0.95}","{""label"":""ABSTAIN"",""reason_code"":""GAZE_DIRECTION"",""confidence"":0.8}"
GD-09,Done,Bottle behind monitor; he looks away.,Is the water bottle clearly visible to him (in his view)?,Is the water bottle clearly not visible to him (out of his view)?,Turn head/eyes toward water bottle; keep scene identical,/Users/neiltripathi/Documents/Paper with Davis/Images/IMG_0986.jpeg,/Users/neiltripathi/Documents/Paper with Davis/Images/IMG_0989.jpeg,indoor,GD-09,"{""label"":""NOT_VISIBLE"",""reason_code"":""GAZE_DIRECTION"",""confidence"":0.95}","{""label"":""VISIBLE"",""reason_code"":""NONE"",""confidence"":0.9}","{""label"":""VISIBLE"",""reason_code"":""NONE"",""confidence"":0.95}","{""label"":""NOT_VISIBLE"",""reason_code"":""GAZE_DIRECTION"",""confidence"":0.92}"
GD-10,Done,He is turned toward friend.,Is he clearly looking at the open washer?,Is he clearly looking away from the open washer?,turn his head toward the washer,/Users/neiltripathi/Documents/Paper with Davis/Images/IMG_1090.jpeg,/Users/neiltripathi/Documents/Paper with Davis/Images/IMG_1091.jpeg,indoor,GD-10,"{""label"":""NOT_VISIBLE"",""reason_code"":""GAZE_DIRECTION"",""confidence"":0.95}","{""label"":""VISIBLE"",""reason_code"":""NONE"",""confidence"":0.95}","{""label"":""VISIBLE"",""reason_code"":""NONE"",""confidence"":0.95}","{""label"":""NOT_VISIBLE"",""reason_code"":""NONE"",""confidence"":0.9}"
GD-11,Done,Gaze unclear.,Is he clearly looking at his shoes (eyes directed down at them)?,Is he clearly not looking at his shoes?,Capture him clearly tilting his head down with eyes obviously directed at his shoes,/Users/neiltripathi/Documents/Paper with Davis/Images/IMG_0901.jpeg,/Users/neiltripathi/Documents/Paper with Davis/Images/IMG_0898.jpeg,outdoor,GD-11,"{""label"":""NOT_VISIBLE"",""reason_code"":""NONE"",""confidence"":1.0}","{""label"":""VISIBLE"",""reason_code"":""NONE"",""confidence"":0.9}","{""label"":""VISIBLE"",""reason_code"":""NONE"",""confidence"":0.95}","{""label"":""NOT_VISIBLE"",""reason_code"":""NONE"",""confidence"":0.95}"
GD-12,Done,Head and eyes misaligned.,Is he clearly looking at the plant?,Is he clearly not looking at the plant?,Capture him with head and eyes clearly turned toward the plant,/Users/neiltripathi/Documents/Paper with Davis/Images/IMG_0904.jpeg,/Users/neiltripathi/Documents/Paper with Davis/Images/IMG_0903.jpeg,outdoor,GD-12,"{""label"":""ABSTAIN"",""reason_code"":""GAZE_DIRECTION"",""confidence"":0.8}","{""label"":""VISIBLE"",""reason_code"":""NONE"",""confidence"":0.9}","{""label"":""VISIBLE"",""reason_code"":""NONE"",""confidence"":0.9}","{""label"":""ABSTAIN"",""reason_code"":""INSUFFICIENT_CONTEXT"",""confidence"":0.9}"
GD-13,Done,Gaze ambiguous.,Is he clearly looking at his phone screen?,Is he clearly not looking at his phone?,Capture him clearly looking down at the phone screen with visible eye direction toward it,/Users/neiltripathi/Documents/Paper with Davis/Images/IMG_5809.jpeg,/Users/neiltripathi/Documents/Paper with Davis/Images/IMG_5807.jpeg,outdoor,GD-13,"{""label"":""NOT_VISIBLE"",""reason_code"":""GAZE_DIRECTION"",""confidence"":0.9}","{""label"":""VISIBLE"",""reason_code"":""NONE"",""confidence"":0.95}","{""label"":""VISIBLE"",""reason_code"":""NONE"",""confidence"":0.95}","{""label"":""NOT_VISIBLE"",""reason_code"":""NONE"",""confidence"":1.0}"
GD-14,Done,Head and eyes not aligned.,Is he clearly looking at the whiteboard content?,Is he clearly not looking at the whiteboard?,Turn his head and eyes clearly toward the writing on the board.,/Users/neiltripathi/Documents/Paper with Davis/Images/IMG_1004.jpeg,/Users/neiltripathi/Documents/Paper with Davis/Images/IMG_1008.jpeg,indoor,GD-14,"{""label"":""NOT_VISIBLE"",""reason_code"":""GAZE_DIRECTION"",""confidence"":0.95}","{""label"":""VISIBLE"",""reason_code"":""NONE"",""confidence"":0.95}","{""label"":""ABSTAIN"",""reason_code"":""GAZE_DIRECTION"",""confidence"":0.85}","{""label"":""NOT_VISIBLE"",""reason_code"":""NONE"",""confidence"":0.95}"
GD-15,Done,Student turned away.,Is he clearly looking at the dryer display?,Is he clearly not looking at the dryer display?,keep his body in place but turn his head and eyes toward the dryer so he is clearly looking at the display,/Users/neiltripathi/Documents/Paper with Davis/Images/IMG_1093.jpeg,/Users/neiltripathi/Documents/Paper with Davis/Images/IMG_1094.jpeg,indoor,GD-15,"{""label"":""VISIBLE"",""reason_code"":""NONE"",""confidence"":0.9}","{""label"":""NOT_VISIBLE"",""reason_code"":""NONE"",""confidence"":0.9}","{""label"":""VISIBLE"",""reason_code"":""NONE"",""confidence"":0.95}","{""label"":""VISIBLE"",""reason_code"":""NONE"",""confidence"":0.95}"
GD-16,Done,Eyes not clearly on the page.,Is he clearly looking at his notebook page?,Is he clearly not looking at his notebook?,Keep the position but have him clearly look down at the notebook page.,/Users/neiltripathi/Documents/Paper with Davis/Images/IMG_1020.jpeg,/Users/neiltripathi/Documents/Paper with Davis/Images/IMG_1016.jpeg,indoor,GD-16,"{""label"":""NOT_VISIBLE"",""reason_code"":""GAZE_DIRECTION"",""confidence"":0.95}","{""label"":""VISIBLE"",""reason_code"":""NONE"",""confidence"":1.0}","{""label"":""VISIBLE"",""reason_code"":""NONE"",""confidence"":0.95}","{""label"":""NOT_VISIBLE"",""reason_code"":""NONE"",""confidence"":0.9}"
GD-17,Done,Gaze slightly off.,Is he clearly looking at the TV screen?,Is he clearly not looking at the TV screen?,Have him face the TV directly with eyes clearly aligned to the screen.,/Users/neiltripathi/Documents/Paper with Davis/Images/IMG_1011.jpeg,/Users/neiltripathi/Documents/Paper with Davis/Images/IMG_1014.jpeg,indoor,GD-17,"{""label"":""NOT_VISIBLE"",""reason_code"":""GAZE_DIRECTION"",""confidence"":0.95}","{""label"":""VISIBLE"",""reason_code"":""NONE"",""confidence"":0.95}","{""label"":""VISIBLE"",""reason_code"":""NONE"",""confidence"":0.98}","{""label"":""NOT_VISIBLE"",""reason_code"":""NONE"",""confidence"":0.95}"
GD-18,Done,Cat looking toward window.,Is the cat clearly looking towards the camera?,Is the cat clearly looking away from the camera?,keep the cat in the same spot but capture a moment when it is looking straight toward the camera lens so its pupils are clearly directed at the viewer,/Users/neiltripathi/Documents/Paper with Davis/Images/IMG_7812.jpeg,/Users/neiltripathi/Documents/Paper with Davis/Images/IMG_7851.jpeg,indoor,GD-18,"{""label"":""VISIBLE"",""reason_code"":""NONE"",""confidence"":0.95}","{""label"":""VISIBLE"",""reason_code"":""NONE"",""confidence"":0.95}","{""label"":""VISIBLE"",""reason_code"":""NONE"",""confidence"":0.95}","{""label"":""VISIBLE"",""reason_code"":""NONE"",""confidence"":1.0}"
GD-19,Done,Girl looking away.,Is she clearly reading the book (eyes on the page)?,Is she clearly not reading the book?,She looks at the book.,/Users/neiltripathi/Documents/Paper with Davis/Images/IMG_0994.jpeg,/Users/neiltripathi/Documents/Paper with Davis/Images/IMG_0993.jpeg,indoor,GD-19,"{""label"":""NOT_VISIBLE"",""reason_code"":""GAZE_DIRECTION"",""confidence"":0.95}","{""label"":""VISIBLE"",""reason_code"":""NONE"",""confidence"":1.0}","{""label"":""VISIBLE"",""reason_code"":""NONE"",""confidence"":0.95}","{""label"":""NOT_VISIBLE"",""reason_code"":""NONE"",""confidence"":0.95}"
GD-20,Done,Facing hallway.,Is he clearly looking out the window (eyes directed outside)?,Is he clearly not looking out the window?,He looks outside the window.,/Users/neiltripathi/Documents/Paper with Davis/Images/IMG_1026.jpeg,/Users/neiltripathi/Documents/Paper with Davis/Images/IMG_1028.jpeg,indoor,GD-20,"{""label"":""VISIBLE"",""reason_code"":""NONE"",""confidence"":0.95}","{""label"":""NOT_VISIBLE"",""reason_code"":""NONE"",""confidence"":0.95}","{""label"":""VISIBLE"",""reason_code"":""NONE"",""confidence"":0.95}","{""label"":""NOT_VISIBLE"",""reason_code"":""NONE"",""confidence"":1.0}"
IC-01,Done,Many similar bottles; none marked.,Is the moisturising lotion uniquely identifiable in this photo?,Is the moisturising lotion not uniquely identifiable in this photo?,place moisturiser in view,/Users/neiltripathi/Documents/Paper with Davis/Images/IMG_0271.jpeg,/Users/neiltripathi/Documents/Paper with Davis/Images/IMG_0270.jpeg,indoor,IC-01,"{""label"":""VISIBLE"",""reason_code"":""NONE"",""confidence"":0.95}","{""label"":""VISIBLE"",""reason_code"":""NONE"",""confidence"":0.9}","{""label"":""VISIBLE"",""reason_code"":""NONE"",""confidence"":0.99}","{""label"":""NOT_VISIBLE"",""reason_code"":""NONE"",""confidence"":0.95}"
IC-02,Done,Only legs and shoes shown.,Is it visually clear that the person is about to leave the house?,Is it visually clear that the person is not about to leave the house?,Take the same photo but with the shoes on.,/Users/neiltripathi/Documents/Paper with Davis/Images/IMG_1113.jpeg,/Users/neiltripathi/Documents/Paper with Davis/Images/IMG_1114.jpeg,indoor,IC-02,"{""label"":""NOT_VISIBLE"",""reason_code"":""NONE"",""confidence"":0.9}","{""label"":""VISIBLE"",""reason_code"":""NONE"",""confidence"":0.95}","{""label"":""ABSTAIN"",""reason_code"":""INHERENTLY_NONVISUAL"",""confidence"":0.9}","{""label"":""ABSTAIN"",""reason_code"":""INSUFFICIENT_CONTEXT"",""confidence"":0.8}"
IC-03,Done,Many similar shoes with no cues.,Can you uniquely identify which pair of shoes is his from this photo?,Is it not possible to identify which shoes are his from this photo?,He stands wearing one pair of the shoes.,/Users/neiltripathi/Documents/Paper with Davis/Images/IMG_1132.jpeg,/Users/neiltripathi/Documents/Paper with Davis/Images/IMG_1133.jpeg,indoor,IC-03,"{""label"":""ABSTAIN"",""reason_code"":""INSUFFICIENT_CONTEXT"",""confidence"":0.9}","{""label"":""VISIBLE"",""reason_code"":""NONE"",""confidence"":0.95}","{""label"":""VISIBLE"",""reason_code"":""NONE"",""confidence"":0.95}","{""label"":""NOT_VISIBLE"",""reason_code"":""NONE"",""confidence"":0.95}"
IC-04,Done,Dog looking elsewhere.,Is the dog clearly looking at the owner?,Is the dog clearly not looking at the owner?,dog looks at the owner,/Users/neiltripathi/Documents/Paper with Davis/Images/IMG_8013.jpeg,/Users/neiltripathi/Documents/Paper with Davis/Images/IMG_8019.jpeg,outdoor,IC-04,"{""label"":""ABSTAIN"",""reason_code"":""INSUFFICIENT_CONTEXT"",""confidence"":0.85}","{""label"":""NOT_VISIBLE"",""reason_code"":""INSUFFICIENT_CONTEXT"",""confidence"":0.9}","{""label"":""VISIBLE"",""reason_code"":""NONE"",""confidence"":0.95}","{""label"":""VISIBLE"",""reason_code"":""NONE"",""confidence"":0.9}"
IC-05,Done,Identical mailboxes with no marker.,Is the correct mailbox clearly identifiable in this photo?,Is the correct mailbox not identifiable in this photo?,Place your keys inside the right mailbox so it becomes clearly identifiable which one is meant by “right.”,/Users/neiltripathi/Documents/Paper with Davis/Images/IMG_1115.jpeg,/Users/neiltripathi/Documents/Paper with Davis/Images/IMG_1116.jpeg,outdoor,IC-05,"{""label"":""VISIBLE"",""reason_code"":""NONE"",""confidence"":0.95}","{""label"":""NOT_VISIBLE"",""reason_code"":""INSUFFICIENT_CONTEXT"",""confidence"":0.9}","{""label"":""ABSTAIN"",""reason_code"":""INSUFFICIENT_CONTEXT"",""confidence"":0.9}","{""label"":""NOT_VISIBLE"",""reason_code"":""NONE"",""confidence"":1.0}"
IC-06,Done,Posture unclear.,Is it visually clear that the person is working (actively doing work)?,Is it visually clear that the person is not working?,"Add clear studying cues such as typing, notes open, or focused posture.",/Users/neiltripathi/Documents/Paper with Davis/Images/IMG_1123.jpeg,/Users/neiltripathi/Documents/Paper with Davis/Images/IMG_1124.jpeg,indoor,IC-06,"{""label"":""ABSTAIN"",""reason_code"":""INHERENTLY_NONVISUAL"",""confidence"":0.8}","{""label"":""ABSTAIN"",""reason_code"":""INHERENTLY_NONVISUAL"",""confidence"":0.9}","{""label"":""ABSTAIN"",""reason_code"":""INHERENTLY_NONVISUAL"",""confidence"":0.9}","{""label"":""NOT_VISIBLE"",""reason_code"":""NONE"",""confidence"":0.9}"
IC-07,Done,Chairs identical; no marking.,Is the reserved seat clearly indicated in this photo?,Is the reserved seat not indicated in this photo?,put a name tag on his umbrella or add an arrow pointing to it,/Users/neiltripathi/Documents/Paper with Davis/Images/IMG_0973.jpeg,/Users/neiltripathi/Documents/Paper with Davis/Images/IMG_0974.jpeg,indoor,IC-07,"{""label"":""NOT_VISIBLE"",""reason_code"":""NONE"",""confidence"":0.95}","{""label"":""VISIBLE"",""reason_code"":""NONE"",""confidence"":0.95}","{""label"":""VISIBLE"",""reason_code"":""NONE"",""confidence"":1.0}","{""label"":""NOT_VISIBLE"",""reason_code"":""NONE"",""confidence"":0.99}"
LD-01,Done,Spice cabinet in very dark kitchen; labels not readable,Are the spice labels clearly readable in this photo?,Are the spice labels unreadable in this photo (too dark)?,Turn on lights so the spice labels are clearly readable,/Users/neiltripathi/Documents/Paper with Davis/Images/IMG_0287.jpeg,/Users/neiltripathi/Documents/Paper with Davis/Images/IMG_0288.jpeg,indoor,LD-01,"{""label"":""NOT_VISIBLE"",""reason_code"":""LIGHTING_DISTANCE"",""confidence"":0.95}","{""label"":""VISIBLE"",""reason_code"":""NONE"",""confidence"":0.95}","{""label"":""NOT_VISIBLE"",""reason_code"":""NONE"",""confidence"":0.9}","{""label"":""NOT_VISIBLE"",""reason_code"":""NONE"",""confidence"":0.95}"
LD-02,Done,Outdoor sign with glare.,Is the sign text clearly readable in this photo?,Is the sign text unreadable in this photo?,Move closer or adjust angle so the text becomes clearly readable.,/Users/neiltripathi/Documents/Paper with Davis/Images/IMG_1121.jpeg,/Users/neiltripathi/Documents/Paper with Davis/Images/IMG_1122.jpeg,outdoor,LD-02,"{""label"":""NOT_VISIBLE"",""reason_code"":""NONE"",""confidence"":0.95}","{""label"":""VISIBLE"",""reason_code"":""NONE"",""confidence"":0.95}","{""label"":""VISIBLE"",""reason_code"":""NONE"",""confidence"":0.95}","{""label"":""NOT_VISIBLE"",""reason_code"":""NONE"",""confidence"":0.95}"
LD-03,Done,Distant and dim.,Is the street sign text clearly readable in this photo?,Is the street sign unreadable in this photo?,change angle to avoid glare,/Users/neiltripathi/Documents/Paper with Davis/Images/IMG_0418.jpeg,/Users/neiltripathi/Documents/Paper with Davis/Images/IMG_0420.jpeg,outdoor,LD-03,"{""label"":""VISIBLE"",""reason_code"":""NONE"",""confidence"":1.0}","{""label"":""NOT_VISIBLE"",""reason_code"":""NONE"",""confidence"":1.0}","{""label"":""ABSTAIN"",""reason_code"":""INSUFFICIENT_CONTEXT"",""confidence"":0.9}","{""label"":""NOT_VISIBLE"",""reason_code"":""NONE"",""confidence"":0.95}"
LD-04,Done,Night street scene; building signs poorly lit,Is the street sign text clearly readable in this dark scene?,Is the street sign text unreadable in this photo (too dark)?,Street signs are visible but dimly lit at night,/Users/neiltripathi/Documents/Paper with Davis/Images/IMG_0296.jpeg,/Users/neiltripathi/Documents/Paper with Davis/Images/IMG_0297.jpeg,outdoor,LD-04,"{""label"":""VISIBLE"",""reason_code"":""NONE"",""confidence"":0.95}","{""label"":""VISIBLE"",""reason_code"":""NONE"",""confidence"":0.95}","{""label"":""VISIBLE"",""reason_code"":""NONE"",""confidence"":0.95}","{""label"":""NOT_VISIBLE"",""reason_code"":""NONE"",""confidence"":1.0}"
LD-05,Done,Package on floor near door; label facing away or hard to read,Is the package label text clearly readable in this photo?,Is the package label text unreadable in this photo?,Reposition package so the label text is clearly readable,/Users/neiltripathi/Documents/Paper with Davis/Images/IMG_0435.jpeg,/Users/neiltripathi/Documents/Paper with Davis/Images/IMG_0436.jpeg,indoor,LD-05,"{""label"":""VISIBLE"",""reason_code"":""NONE"",""confidence"":0.95}","{""label"":""VISIBLE"",""reason_code"":""NONE"",""confidence"":0.95}","{""label"":""VISIBLE"",""reason_code"":""NONE"",""confidence"":0.95}","{""label"":""NOT_VISIBLE"",""reason_code"":""NONE"",""confidence"":0.9}"
LD-06,Done,Crosswalk with countdown timer visible at a distance,Is the crosswalk countdown number clearly readable in this photo?,Is the crosswalk countdown number unreadable in this photo?,Move closer or zoom so the countdown number is readable,/Users/neiltripathi/Documents/Paper with Davis/Images/IMG_0638.jpeg,/Users/neiltripathi/Documents/Paper with Davis/Images/IMG_0639.jpeg,outdoor,LD-06,"{""label"":""NOT_VISIBLE"",""reason_code"":""OUT_OF_FRAME"",""confidence"":0.9}","{""label"":""NOT_VISIBLE"",""reason_code"":""OUT_OF_FRAME"",""confidence"":1.0}","{""label"":""VISIBLE"",""reason_code"":""NONE"",""confidence"":1.0}","{""label"":""VISIBLE"",""reason_code"":""NONE"",""confidence"":0.95}"
LD-07,Done,Bus stop with route information sign,Is the bus route/number clearly readable in this photo?,Is the bus route/number unreadable in this photo?,Move closer so the bus route number and text are clearly readable,/Users/neiltripathi/Documents/Paper with Davis/Images/IMG_0650.jpeg,/Users/neiltripathi/Documents/Paper with Davis/Images/IMG_0644.jpeg,outdoor,LD-07,"{""label"":""VISIBLE"",""reason_code"":""NONE"",""confidence"":0.95}","{""label"":""VISIBLE"",""reason_code"":""NONE"",""confidence"":1.0}","{""label"":""VISIBLE"",""reason_code"":""NONE"",""confidence"":0.98}","{""label"":""NOT_VISIBLE"",""reason_code"":""NONE"",""confidence"":1.0}"
LD-08,Done,Room dark.,Is the protein powder label text clearly readable in this photo?,Is the label unreadable in this photo (too dark/low contrast)?,move portable lamp to light the map,/Users/neiltripathi/Documents/Paper with Davis/Images/IMG_1099.jpeg,/Users/neiltripathi/Documents/Paper with Davis/Images/IMG_1100.jpeg,indoor,LD-08,"{""label"":""NOT_VISIBLE"",""reason_code"":""LIGHTING_DISTANCE"",""confidence"":1.0}","{""label"":""VISIBLE"",""reason_code"":""NONE"",""confidence"":0.95}","{""label"":""NOT_VISIBLE"",""reason_code"":""NONE"",""confidence"":0.95}","{""label"":""VISIBLE"",""reason_code"":""NONE"",""confidence"":0.9}"
LD-09,Done,Protein powder containers on shelf in dim lighting,Is the protein powder label text clearly readable in this photo?,Is the protein powder label text unreadable in this photo (too dark)?,Improve lighting so the protein powder label text is readable,/Users/neiltripathi/Documents/Paper with Davis/Images/IMG_0661.jpeg,/Users/neiltripathi/Documents/Paper with Davis/Images/IMG_0662.jpeg,indoor,LD-09,"{""label"":""NOT_VISIBLE"",""reason_code"":""LIGHTING_DISTANCE"",""confidence"":0.95}","{""label"":""VISIBLE"",""reason_code"":""NONE"",""confidence"":0.95}","{""label"":""NOT_VISIBLE"",""reason_code"":""NONE"",""confidence"":0.98}","{""label"":""NOT_VISIBLE"",""reason_code"":""NONE"",""confidence"":0.95}"
LD-10,Done,Far or glare makes text unclear.,Is the restaurant sign text clearly readable in this photo?,Is the restaurant sign text unreadable in this photo?,Move closer so the restaurant sign text is clearly readable,/Users/neiltripathi/Documents/Paper with Davis/Images/IMG_1119.jpeg,/Users/neiltripathi/Documents/Paper with Davis/Images/IMG_1120.jpeg,indoor,LD-10,"{""label"":""NOT_VISIBLE"",""reason_code"":""NONE"",""confidence"":0.95}","{""label"":""VISIBLE"",""reason_code"":""NONE"",""confidence"":0.95}","{""label"":""VISIBLE"",""reason_code"":""NONE"",""confidence"":0.95}","{""label"":""NOT_VISIBLE"",""reason_code"":""NONE"",""confidence"":0.95}"
LD-11,Done,Mirror selfie in dark.,Is the person’s face clearly visible in this photo?,Is the person’s face not clearly visible in this photo?,Turn light on,/Users/neiltripathi/Documents/Paper with Davis/Images/IMG_1109.jpeg,/Users/neiltripathi/Documents/Paper with Davis/Images/IMG_1110.jpeg,indoor,LD-11,"{""label"":""NOT_VISIBLE"",""reason_code"":""LIGHTING_DISTANCE"",""confidence"":0.95}","{""label"":""VISIBLE"",""reason_code"":""NONE"",""confidence"":0.95}","{""label"":""VISIBLE"",""reason_code"":""NONE"",""confidence"":1.0}","{""label"":""NOT_VISIBLE"",""reason_code"":""NONE"",""confidence"":0.95}"
LD-12,Done,Very dark room.,Is the text on the paper clearly readable in this photo?,Is the text on the paper unreadable in this photo?,Increase brightness,/Users/neiltripathi/Documents/Paper with Davis/Images/IMG_1128.jpeg,/Users/neiltripathi/Documents/Paper with Davis/Images/IMG_1129.jpeg,indoor,LD-12,"{""label"":""NOT_VISIBLE"",""reason_code"":""LIGHTING_DISTANCE"",""confidence"":0.95}","{""label"":""VISIBLE"",""reason_code"":""NONE"",""confidence"":0.95}","{""label"":""VISIBLE"",""reason_code"":""NONE"",""confidence"":0.95}","{""label"":""NOT_VISIBLE"",""reason_code"":""NONE"",""confidence"":0.95}"
LD-13,Done,Person holding phone; screen content not visible from distance,Is the phone screen content clearly visible in this photo?,Is the phone screen content not visible in this photo (too far or washed out)?,Move closer to the phone screen so the content is clearly readable,/Users/neiltripathi/Documents/Paper with Davis/Images/IMG_0416.jpeg,/Users/neiltripathi/Documents/Paper with Davis/Images/IMG_0417.jpeg,outdoor,LD-13,"{""label"":""NOT_VISIBLE"",""reason_code"":""NONE"",""confidence"":0.95}","{""label"":""NOT_VISIBLE"",""reason_code"":""NONE"",""confidence"":0.95}","{""label"":""VISIBLE"",""reason_code"":""NONE"",""confidence"":0.95}","{""label"":""NOT_VISIBLE"",""reason_code"":""NONE"",""confidence"":0.95}"
MA-01,Done,Gesture unclear.,Are they clearly greeting each other (clear greeting gesture)?,Are they clearly not greeting each other (no greeting happening)?,Capture them both with clear smiles directed at each other,/Users/neiltripathi/Documents/Paper with Davis/Images/IMG_0847.jpeg,/Users/neiltripathi/Documents/Paper with Davis/Images/IMG_0850.jpeg,indoor,MA-01,"{""label"":""NOT_VISIBLE"",""reason_code"":""NONE"",""confidence"":1.0}","{""label"":""VISIBLE"",""reason_code"":""NONE"",""confidence"":0.9}","{""label"":""NOT_VISIBLE"",""reason_code"":""NONE"",""confidence"":0.95}","{""label"":""VISIBLE"",""reason_code"":""NONE"",""confidence"":0.9}"
MA-02,Done,Arms hidden; intention unclear.,Are they clearly hugging each other?,Are they clearly not hugging each other?,Capture clear hugging posture with arms around each other,/Users/neiltripathi/Documents/Paper with Davis/Images/IMG_0859.jpeg,/Users/neiltripathi/Documents/Paper with Davis/Images/IMG_0853.jpeg,indoor,MA-02,"{""label"":""NOT_VISIBLE"",""reason_code"":""NONE"",""confidence"":0.99}","{""label"":""VISIBLE"",""reason_code"":""NONE"",""confidence"":0.95}","{""label"":""NOT_VISIBLE"",""reason_code"":""NONE"",""confidence"":1.0}","{""label"":""VISIBLE"",""reason_code"":""NONE"",""confidence"":1.0}"
MA-03,Done,Motion ambiguous.,Is she clearly giving him the cup (handing it over)?,Is she clearly not giving him the cup?,Capture moment where person A is clearly extending the cup toward person B's hand,/Users/neiltripathi/Documents/Paper with Davis/Images/IMG_0864.jpeg,/Users/neiltripathi/Documents/Paper with Davis/Images/IMG_0874.jpeg,indoor,MA-03,"{""label"":""NOT_VISIBLE"",""reason_code"":""NONE"",""confidence"":0.9}","{""label"":""VISIBLE"",""reason_code"":""NONE"",""confidence"":0.95}","{""label"":""VISIBLE"",""reason_code"":""NONE"",""confidence"":0.95}","{""label"":""NOT_VISIBLE"",""reason_code"":""NONE"",""confidence"":0.95}"
MA-04,Done,Posture ambiguous.,Is she clearly helping him carry the chair?,Is she clearly not helping him carry the chair?,Capture both people visibly holding the chair together from each side,/Users/neiltripathi/Documents/Paper with Davis/Images/IMG_0877.jpeg,/Users/neiltripathi/Documents/Paper with Davis/Images/IMG_0879.jpeg,indoor,MA-04,"{""label"":""NOT_VISIBLE"",""reason_code"":""NONE"",""confidence"":0.9}","{""label"":""VISIBLE"",""reason_code"":""NONE"",""confidence"":0.95}","{""label"":""VISIBLE"",""reason_code"":""NONE"",""confidence"":1.0}","{""label"":""NOT_VISIBLE"",""reason_code"":""NONE"",""confidence"":1.0}"
MA-05,Done,Gaze unclear.,Is he clearly looking at her phone?,Is he clearly not looking at her phone?,Capture person B leaning in with eyes obviously aimed at the phone screen,/Users/neiltripathi/Documents/Paper with Davis/Images/IMG_0883.jpeg,/Users/neiltripathi/Documents/Paper with Davis/Images/IMG_0886.jpeg,indoor,MA-05,"{""label"":""NOT_VISIBLE"",""reason_code"":""GAZE_DIRECTION"",""confidence"":0.95}","{""label"":""VISIBLE"",""reason_code"":""NONE"",""confidence"":0.95}","{""label"":""VISIBLE"",""reason_code"":""NONE"",""confidence"":0.95}","{""label"":""VISIBLE"",""reason_code"":""NONE"",""confidence"":0.95}"
MA-06,Done,Gaze misaligned.,Is he clearly looking at what she is pointing to?,Is he clearly not looking at what she is pointing to?,Capture person B with head and eyes clearly aligned toward the pointed-at object,/Users/neiltripathi/Documents/Paper with Davis/Images/IMG_0888.jpeg,/Users/neiltripathi/Documents/Paper with Davis/Images/IMG_0893.jpeg,indoor,MA-06,"{""label"":""NOT_VISIBLE"",""reason_code"":""GAZE_DIRECTION"",""confidence"":0.95}","{""label"":""VISIBLE"",""reason_code"":""NONE"",""confidence"":0.95}","{""label"":""ABSTAIN"",""reason_code"":""INSUFFICIENT_CONTEXT"",""confidence"":0.8}","{""label"":""VISIBLE"",""reason_code"":""NONE"",""confidence"":0.9}"
MA-07,Done,Card not shown.,Is the gift card value clearly visible in this photo?,Is the gift card value not visible in this photo?,show corner with money value visible,/Users/neiltripathi/Documents/Paper with Davis/Images/IMG_0280.jpeg,/Users/neiltripathi/Documents/Paper with Davis/Images/IMG_0281.jpeg,indoor,MA-07,"{""label"":""NOT_VISIBLE"",""reason_code"":""NONE"",""confidence"":0.99}","{""label"":""VISIBLE"",""reason_code"":""NONE"",""confidence"":0.99}","{""label"":""VISIBLE"",""reason_code"":""NONE"",""confidence"":1.0}","{""label"":""NOT_VISIBLE"",""reason_code"":""NONE"",""confidence"":1.0}"
NV-01,Done,iPad locked; no hint visible.,Is the device unlock PIN visible anywhere in this photo?,Is there no visible clue to the device unlock PIN in this photo?,place a small sticky note next to the phone with the 4-digit PIN clearly written so it is readable in the frame,/Users/neiltripathi/Documents/Paper with Davis/Images/IMG_0947.jpeg,/Users/neiltripathi/Documents/Paper with Davis/Images/IMG_0948.jpeg,indoor,NV-01,"{""label"":""NOT_VISIBLE"",""reason_code"":""NONE"",""confidence"":1.0}","{""label"":""VISIBLE"",""reason_code"":""NONE"",""confidence"":0.95}","{""label"":""NOT_VISIBLE"",""reason_code"":""NONE"",""confidence"":0.95}","{""label"":""NOT_VISIBLE"",""reason_code"":""NONE"",""confidence"":0.95}"
NV-02,Done,Drive only visible.,Are the files on the drive visible anywhere in this photo (screen/label/list)?,Are the drive contents not visible anywhere in this photo?,show nearby screen with file list,/Users/neiltripathi/Documents/Paper with Davis/Images/IMG_0278.jpeg,/Users/neiltripathi/Documents/Paper with Davis/Images/IMG_0279.jpeg,indoor,NV-02,"{""label"":""NOT_VISIBLE"",""reason_code"":""NONE"",""confidence"":0.95}","{""label"":""VISIBLE"",""reason_code"":""NONE"",""confidence"":0.95}","{""label"":""VISIBLE"",""reason_code"":""NONE"",""confidence"":1.0}","{""label"":""NOT_VISIBLE"",""reason_code"":""NONE"",""confidence"":1.0}"
NV-03,Done,No note shown.,Is the wifi password visible anywhere in this photo (written or on a screen)?,Is the wifi password not visible anywhere in this photo?,add note with password,/Users/neiltripathi/Documents/Paper with Davis/Images/IMG_0289.jpeg,/Users/neiltripathi/Documents/Paper with Davis/Images/IMG_0290.jpeg,indoor,NV-03,"{""label"":""NOT_VISIBLE"",""reason_code"":""NONE"",""confidence"":0.95}","{""label"":""VISIBLE"",""reason_code"":""NONE"",""confidence"":0.9}","{""label"":""NOT_VISIBLE"",""reason_code"":""NONE"",""confidence"":0.9}","{""label"":""NOT_VISIBLE"",""reason_code"":""NONE"",""confidence"":1.0}"
NV-04,Done,Bottle unlabelled.,Is the drink flavour visible in this photo (label/menu/text)?,Is the drink flavour not visible in this photo?,place a visible label “Orange” on the cup,/Users/neiltripathi/Documents/Paper with Davis/Images/IMG_0439.jpeg,/Users/neiltripathi/Documents/Paper with Davis/Images/IMG_0439 (1).jpeg,indoor,NV-04,"{""label"":""NOT_VISIBLE"",""reason_code"":""NONE"",""confidence"":0.99}","{""label"":""VISIBLE"",""reason_code"":""NONE"",""confidence"":0.98}","{""label"":""VISIBLE"",""reason_code"":""NONE"",""confidence"":1.0}","{""label"":""NOT_VISIBLE"",""reason_code"":""NONE"",""confidence"":0.99}"
NV-05,Done,Flavour not inferable.,Is the juice flavour visible in this photo (label/menu/text)?,Is the juice flavour not visible in this photo?,No flip; property itself is nonvisual.,/Users/neiltripathi/Documents/Paper with Davis/Images/IMG_0632.jpeg,/Users/neiltripathi/Documents/Paper with Davis/Images/IMG_0633.jpeg,indoor,NV-05,"{""label"":""VISIBLE"",""reason_code"":""NONE"",""confidence"":0.9}","{""label"":""VISIBLE"",""reason_code"":""NONE"",""confidence"":0.95}","{""label"":""VISIBLE"",""reason_code"":""NONE"",""confidence"":1.0}","{""label"":""NOT_VISIBLE"",""reason_code"":""NONE"",""confidence"":0.99}"
MA-08,Done,Two people seated; intent ambiguous,Is she clearly comforting her (placing a hand on her in a supportive gesture)?,Is she clearly not comforting her (no supportive gesture)?,Capture person A leaning in with arm around person B in a clear comforting embrace,/Users/neiltripathi/Documents/Paper with Davis/Images/IMG_0860.jpeg,/Users/neiltripathi/Documents/Paper with Davis/Images/IMG_0861.jpeg,indoor,MA-08,"{""label"":""NOT_VISIBLE"",""reason_code"":""NONE"",""confidence"":0.95}","{""label"":""VISIBLE"",""reason_code"":""NONE"",""confidence"":0.95}","{""label"":""VISIBLE"",""reason_code"":""NONE"",""confidence"":0.9}","{""label"":""NOT_VISIBLE"",""reason_code"":""NONE"",""confidence"":1.0}"
NV-07,Done,No visible indicators.,Is the outside temperature visible in this photo (display/app/sign)?,Is the outside temperature not visible anywhere in this photo?,Include a phone weather screen or digital temperature display in frame.,/Users/neiltripathi/Documents/Paper with Davis/Images/IMG_1117.JPG,/Users/neiltripathi/Documents/Paper with Davis/Images/IMG_1118.JPG,outdoor,NV-07,"{""label"":""NOT_VISIBLE"",""reason_code"":""NONE"",""confidence"":0.95}","{""label"":""VISIBLE"",""reason_code"":""NONE"",""confidence"":0.9}","{""label"":""VISIBLE"",""reason_code"":""NONE"",""confidence"":0.95}","{""label"":""NOT_VISIBLE"",""reason_code"":""NONE"",""confidence"":1.0}"
NV-08,Done,No track info visible.,Is the song title/track info visible in this photo (screen/now playing)?,Is the song title/track info not visible in this photo?,Flip by including the “Now Playing” screen (phone/Spotify/YouTube) showing the song title and artist.,/Users/neiltripathi/Documents/Paper with Davis/Images/IMG_1107.jpeg,/Users/neiltripathi/Documents/Paper with Davis/Images/IMG_1108.jpeg,indoor,NV-08,"{""label"":""NOT_VISIBLE"",""reason_code"":""NONE"",""confidence"":1.0}","{""label"":""VISIBLE"",""reason_code"":""NONE"",""confidence"":1.0}","{""label"":""VISIBLE"",""reason_code"":""NONE"",""confidence"":1.0}","{""label"":""NOT_VISIBLE"",""reason_code"":""NONE"",""confidence"":1.0}"
NV-09,Done,Resistance bands on mat with labels facing down,Is the resistance band strength label clearly readable in this photo?,Is the resistance band strength label unreadable in this photo?,Flip bands so the strength labels (Light/Medium/Heavy) are facing up and readable,/Users/neiltripathi/Documents/Paper with Davis/Images/IMG_0943.jpeg,/Users/neiltripathi/Documents/Paper with Davis/Images/IMG_0944.jpeg,indoor,NV-09,"{""label"":""NOT_VISIBLE"",""reason_code"":""NONE"",""confidence"":0.9}","{""label"":""VISIBLE"",""reason_code"":""NONE"",""confidence"":0.95}","{""label"":""VISIBLE"",""reason_code"":""NONE"",""confidence"":1.0}","{""label"":""NOT_VISIBLE"",""reason_code"":""NONE"",""confidence"":1.0}"
NV-10,Done,Gym locker without a lock,Is there a lock visible on the locker in this photo?,Is there no lock visible on the locker in this photo?,Add a combination lock to the locker,/Users/neiltripathi/Documents/Paper with Davis/Images/IMG_0694.jpeg,/Users/neiltripathi/Documents/Paper with Davis/Images/IMG_0693.jpeg,indoor,NV-10,"{""label"":""VISIBLE"",""reason_code"":""NONE"",""confidence"":1.0}","{""label"":""VISIBLE"",""reason_code"":""NONE"",""confidence"":0.95}","{""label"":""VISIBLE"",""reason_code"":""NONE"",""confidence"":1.0}","{""label"":""NOT_VISIBLE"",""reason_code"":""NONE"",""confidence"":1.0}"
NV-11,Done,No lock shown.,Is the locker combination visible anywhere in this photo?,Is the locker combination not visible anywhere in this photo?,tape a clear paper label next to the lock with the full combination (for example “34-18-09”) written large enough to read in the image,/Users/neiltripathi/Documents/Paper with Davis/Images/IMG_0945.jpeg,/Users/neiltripathi/Documents/Paper with Davis/Images/IMG_0946.jpeg,indoor,NV-11,"{""label"":""VISIBLE"",""reason_code"":""NONE"",""confidence"":1.0}","{""label"":""NOT_VISIBLE"",""reason_code"":""NONE"",""confidence"":1.0}","{""label"":""VISIBLE"",""reason_code"":""NONE"",""confidence"":0.9}","{""label"":""NOT_VISIBLE"",""reason_code"":""NONE"",""confidence"":1.0}"
OC-01,Done,Hidden behind items.,Is the honey bottle clearly visible in this photo?,Is the honey bottle not visible in this photo?,slide box 10 cm so bottle peeks out,/Users/neiltripathi/Documents/Paper with Davis/Images/IMG_0258.jpeg,/Users/neiltripathi/Documents/Paper with Davis/Images/IMG_0259.jpeg,indoor,OC-01,"{""label"":""NOT_VISIBLE"",""reason_code"":""NONE"",""confidence"":0.95}","{""label"":""VISIBLE"",""reason_code"":""NONE"",""confidence"":0.95}","{""label"":""NOT_VISIBLE"",""reason_code"":""NONE"",""confidence"":0.95}","{""label"":""VISIBLE"",""reason_code"":""NONE"",""confidence"":0.95}"
OC-02,Done,Kitchen utensil drawer with items layered,Is the kitchen knife clearly visible in this photo?,Is the kitchen knife not visible in this photo (hidden under utensils)?,Rearrange utensils so the knife is clearly visible on top,/Users/neiltripathi/Documents/Paper with Davis/Images/IMG_0275.jpeg,/Users/neiltripathi/Documents/Paper with Davis/Images/IMG_0276.jpeg,indoor,OC-02,"{""label"":""VISIBLE"",""reason_code"":""NONE"",""confidence"":0.95}","{""label"":""NOT_VISIBLE"",""reason_code"":""OCCLUSION"",""confidence"":0.9}","{""label"":""NOT_VISIBLE"",""reason_code"":""NONE"",""confidence"":0.9}","{""label"":""NOT_VISIBLE"",""reason_code"":""NONE"",""confidence"":0.9}"
OC-03,Done,Covered by papers.,Is the passport clearly visible in the drawer in this photo?,Is the passport not visible in the drawer in this photo?,move box to the side,/Users/neiltripathi/Documents/Paper with Davis/Images/IMG_0272.jpeg,/Users/neiltripathi/Documents/Paper with Davis/Images/IMG_0273.jpeg,indoor,OC-03,"{""label"":""NOT_VISIBLE"",""reason_code"":""NONE"",""confidence"":1.0}","{""label"":""VISIBLE"",""reason_code"":""NONE"",""confidence"":0.9}","{""label"":""NOT_VISIBLE"",""reason_code"":""NONE"",""confidence"":1.0}","{""label"":""VISIBLE"",""reason_code"":""NONE"",""confidence"":1.0}"
OC-04,Done,Bed with sheets and pillows covering items,Is the object under the covers clearly visible in this photo?,Is the object under the covers not visible in this photo?,Pull back covers to reveal the hidden object,/Users/neiltripathi/Documents/Paper with Davis/Images/IMG_0260.jpeg,/Users/neiltripathi/Documents/Paper with Davis/Images/IMG_0262.jpeg,indoor,OC-04,"{""label"":""NOT_VISIBLE"",""reason_code"":""OCCLUSION"",""confidence"":1.0}","{""label"":""VISIBLE"",""reason_code"":""NONE"",""confidence"":0.95}","{""label"":""NOT_VISIBLE"",""reason_code"":""OCCLUSION"",""confidence"":0.95}","{""label"":""VISIBLE"",""reason_code"":""NONE"",""confidence"":0.95}"
OC-05,Done,Closed box on table; contents unknown,Is the product inside the box clearly visible in this photo?,Is the product inside the box not visible in this photo (box closed)?,Open the box to reveal the product inside,/Users/neiltripathi/Documents/Paper with Davis/Images/IMG_0282.jpeg,/Users/neiltripathi/Documents/Paper with Davis/Images/IMG_0283.jpeg,indoor,OC-05,"{""label"":""NOT_VISIBLE"",""reason_code"":""OCCLUSION"",""confidence"":0.95}","{""label"":""VISIBLE"",""reason_code"":""NONE"",""confidence"":1.0}","{""label"":""NOT_VISIBLE"",""reason_code"":""OCCLUSION"",""confidence"":0.95}","{""label"":""NOT_VISIBLE"",""reason_code"":""NONE"",""confidence"":0.95}"
OC-06,Done,Arch partially obscured by trees or angle,Is the top of the arch clearly visible in this photo?,Is the top of the arch not visible in this photo (obscured)?,Change angle so the arch top is fully visible,/Users/neiltripathi/Documents/Paper with Davis/Images/IMG_0391.jpeg,/Users/neiltripathi/Documents/Paper with Davis/Images/IMG_0392.jpeg,outdoor,OC-06,"{""label"":""NOT_VISIBLE"",""reason_code"":""OCCLUSION"",""confidence"":0.95}","{""label"":""VISIBLE"",""reason_code"":""NONE"",""confidence"":0.95}","{""label"":""VISIBLE"",""reason_code"":""NONE"",""confidence"":1.0}","{""label"":""NOT_VISIBLE"",""reason_code"":""OCCLUSION"",""confidence"":0.95}"
OC-07,Done,Closed backpack on park bench,Is the content inside the backpack visible in this photo?,Is the content inside the backpack not visible (bag closed)?,Open the backpack to show its contents,/Users/neiltripathi/Documents/Paper with Davis/Images/IMG_0414.jpeg,/Users/neiltripathi/Documents/Paper with Davis/Images/IMG_0415.jpeg,outdoor,OC-07,"{""label"":""NOT_VISIBLE"",""reason_code"":""OCCLUSION"",""confidence"":0.99}","{""label"":""VISIBLE"",""reason_code"":""NONE"",""confidence"":0.95}","{""label"":""NOT_VISIBLE"",""reason_code"":""OCCLUSION"",""confidence"":1.0}","{""label"":""VISIBLE"",""reason_code"":""NONE"",""confidence"":0.95}"
OC-08,Done,Couch with cushions; device hidden between cushions,Is the remote clearly visible in this photo?,Is the remote not visible in this photo (hidden in cushions)?,Move cushion to reveal the remote/device,/Users/neiltripathi/Documents/Paper with Davis/Images/IMG_0433.jpeg,/Users/neiltripathi/Documents/Paper with Davis/Images/IMG_0434.jpeg,indoor,OC-08,"{""label"":""NOT_VISIBLE"",""reason_code"":""NONE"",""confidence"":0.95}","{""label"":""NOT_VISIBLE"",""reason_code"":""OCCLUSION"",""confidence"":0.95}","{""label"":""VISIBLE"",""reason_code"":""NONE"",""confidence"":0.95}","{""label"":""NOT_VISIBLE"",""reason_code"":""NONE"",""confidence"":0.9}"
OC-09,Done,Electronics display behind glass in store,Is the product on the shelf clearly visible through the glass?,Is the product on the shelf not visible in this photo (glass reflects)?,Move closer so the products behind glass are clearly visible,/Users/neiltripathi/Documents/Paper with Davis/Images/IMG_0627.jpeg,/Users/neiltripathi/Documents/Paper with Davis/Images/IMG_0628.jpeg,indoor,OC-09,"{""label"":""VISIBLE"",""reason_code"":""NONE"",""confidence"":0.95}","{""label"":""NOT_VISIBLE"",""reason_code"":""OCCLUSION"",""confidence"":0.95}","{""label"":""VISIBLE"",""reason_code"":""NONE"",""confidence"":0.95}","{""label"":""NOT_VISIBLE"",""reason_code"":""OCCLUSION"",""confidence"":1.0}"
OC-10,Done,Refrigerator with items partially occluded by bag,Is the almond milk container clearly visible in this photo?,Is the almond milk container not visible in this photo (hidden behind items)?,Move the obstructing items so the almond milk is visible,/Users/neiltripathi/Documents/Paper with Davis/Images/IMG_0929.jpeg,/Users/neiltripathi/Documents/Paper with Davis/Images/IMG_0930.jpeg,indoor,OC-10,"{""label"":""NOT_VISIBLE"",""reason_code"":""NONE"",""confidence"":1.0}","{""label"":""VISIBLE"",""reason_code"":""NONE"",""confidence"":0.98}","{""label"":""VISIBLE"",""reason_code"":""NONE"",""confidence"":1.0}","{""label"":""NOT_VISIBLE"",""reason_code"":""NONE"",""confidence"":1.0}"
OC-11,Done,Poster taped across plaque.,Is the room number clearly visible in this photo?,Is the room number not visible in this photo?,open the box to show object,/Users/neiltripathi/Documents/Paper with Davis/Images/IMG_0268.jpeg,/Users/neiltripathi/Documents/Paper with Davis/Images/IMG_0269.jpeg,indoor,OC-11,"{""label"":""ABSTAIN"",""reason_code"":""INHERENTLY_NONVISUAL"",""confidence"":1.0}","{""label"":""VISIBLE"",""reason_code"":""NONE"",""confidence"":1.0}","{""label"":""NOT_VISIBLE"",""reason_code"":""NONE"",""confidence"":1.0}","{""label"":""VISIBLE"",""reason_code"":""NONE"",""confidence"":1.0}"
OC-12,Done,Bathroom medicine cabinet closed,Is the toothbrush clearly visible in this photo?,Is the toothbrush not visible in this photo (cabinet closed)?,Open the medicine cabinet to reveal the toothbrush,/Users/neiltripathi/Documents/Paper with Davis/Images/IMG_0665.jpeg,/Users/neiltripathi/Documents/Paper with Davis/Images/IMG_0666.jpeg,indoor,OC-12,"{""label"":""NOT_VISIBLE"",""reason_code"":""NONE"",""confidence"":0.99}","{""label"":""VISIBLE"",""reason_code"":""NONE"",""confidence"":1.0}","{""label"":""VISIBLE"",""reason_code"":""NONE"",""confidence"":0.95}","{""label"":""NOT_VISIBLE"",""reason_code"":""NONE"",""confidence"":1.0}"
OC-13,Done,Bag blocking microwave.,Is the food container clearly visible in the closet in this photo?,Is the food container not visible in the closet in this photo?,lift poster edge to reveal number,/Users/neiltripathi/Documents/Paper with Davis/Images/IMG_0670.jpeg,/Users/neiltripathi/Documents/Paper with Davis/Images/IMG_0669.jpeg,indoor,OC-13,"{""label"":""NOT_VISIBLE"",""reason_code"":""OUT_OF_FRAME"",""confidence"":1.0}","{""label"":""NOT_VISIBLE"",""reason_code"":""OUT_OF_FRAME"",""confidence"":1.0}","{""label"":""NOT_VISIBLE"",""reason_code"":""OUT_OF_FRAME"",""confidence"":1.0}","{""label"":""ABSTAIN"",""reason_code"":""OUT_OF_FRAME"",""confidence"":0.9}"
OC-14,Done,Kitchen counter with items blocking view of appliance,Is the microwave clearly visible in this photo?,Is the microwave not visible in this photo (blocked by items)?,Move the obstructing items to reveal the microwave,/Users/neiltripathi/Documents/Paper with Davis/Images/IMG_1101.jpeg,/Users/neiltripathi/Documents/Paper with Davis/Images/IMG_1102.jpeg,indoor,OC-14,"{""label"":""VISIBLE"",""reason_code"":""NONE"",""confidence"":0.95}","{""label"":""VISIBLE"",""reason_code"":""NONE"",""confidence"":0.95}","{""label"":""NOT_VISIBLE"",""reason_code"":""OUT_OF_FRAME"",""confidence"":0.95}","{""label"":""VISIBLE"",""reason_code"":""NONE"",""confidence"":0.95}"
OC-15,Done,Drawer cluttered; item hidden.,Is the laptop clearly visible inside the bag in this photo (bag open enough to see it)?,Is the laptop not visible inside the bag in this photo?,move bag ,/Users/neiltripathi/Documents/Paper with Davis/Images/IMG_0678.jpeg,/Users/neiltripathi/Documents/Paper with Davis/Images/IMG_0679.jpeg,indoor,OC-15,"{""label"":""NOT_VISIBLE"",""reason_code"":""OCCLUSION"",""confidence"":0.95}","{""label"":""VISIBLE"",""reason_code"":""NONE"",""confidence"":0.95}","{""label"":""NOT_VISIBLE"",""reason_code"":""NONE"",""confidence"":0.99}","{""label"":""VISIBLE"",""reason_code"":""NONE"",""confidence"":0.95}"
OC-16,Done,Zipped bag.,Is the resistance band clearly visible in this photo?,Is the resistance band not visible in this photo?,move coat away,/Users/neiltripathi/Documents/Paper with Davis/Images/IMG_0680.jpeg,/Users/neiltripathi/Documents/Paper with Davis/Images/IMG_0681.jpeg,indoor,OC-16,"{""label"":""NOT_VISIBLE"",""reason_code"":""NONE"",""confidence"":0.9}","{""label"":""ABSTAIN"",""reason_code"":""INSUFFICIENT_CONTEXT"",""confidence"":0.9}","{""label"":""NOT_VISIBLE"",""reason_code"":""NONE"",""confidence"":0.95}","{""label"":""VISIBLE"",""reason_code"":""NONE"",""confidence"":0.95}"
OC-17,Done,Shelf with keyboard and bag covering items underneath,Is the item under the keyboard clearly visible in this photo?,Is the item under the keyboard not visible in this photo (occluded)?,Move the keyboard to reveal what is underneath,/Users/neiltripathi/Documents/Paper with Davis/Images/IMG_0939.jpeg,/Users/neiltripathi/Documents/Paper with Davis/Images/IMG_0940.jpeg,indoor,OC-17,"{""label"":""NOT_VISIBLE"",""reason_code"":""OCCLUSION"",""confidence"":0.95}","{""label"":""VISIBLE"",""reason_code"":""NONE"",""confidence"":0.9}","{""label"":""NOT_VISIBLE"",""reason_code"":""OCCLUSION"",""confidence"":0.9}","{""label"":""VISIBLE"",""reason_code"":""NONE"",""confidence"":0.95}"
OC-18,Done,Closed backpack at outdoor table,Is the laptop inside the bag clearly visible in this photo?,Is the laptop inside the bag not visible (bag closed)?,Open the backpack to show the laptop inside,/Users/neiltripathi/Documents/Paper with Davis/Images/IMG_0284.jpeg,/Users/neiltripathi/Documents/Paper with Davis/Images/IMG_0285.jpeg,indoor,OC-18,"{""label"":""NOT_VISIBLE"",""reason_code"":""OCCLUSION"",""confidence"":0.95}","{""label"":""VISIBLE"",""reason_code"":""NONE"",""confidence"":1.0}","{""label"":""VISIBLE"",""reason_code"":""NONE"",""confidence"":0.99}","{""label"":""NOT_VISIBLE"",""reason_code"":""NONE"",""confidence"":1.0}"
OC-19,Done,Board off to the side.,Are the keys clearly visible on the table in this photo?,Are the keys not visible on the table in this photo?,move the shaker bottle a few centimeters,/Users/neiltripathi/Documents/Paper with Davis/Images/IMG_0941.jpeg,/Users/neiltripathi/Documents/Paper with Davis/Images/IMG_0942.jpeg,outdoor,OC-19,"{""label"":""NOT_VISIBLE"",""reason_code"":""NONE"",""confidence"":0.95}","{""label"":""VISIBLE"",""reason_code"":""NONE"",""confidence"":1.0}","{""label"":""NOT_VISIBLE"",""reason_code"":""NONE"",""confidence"":1.0}","{""label"":""VISIBLE"",""reason_code"":""NONE"",""confidence"":0.95}"
OC-20,Done,Closet with clothes hanging; items may be hidden behind clothing,Is the item behind the clothes clearly visible in this photo?,Is the item behind the clothes not visible (hidden by clothing)?,Move clothes aside to reveal the hidden item,/Users/neiltripathi/Documents/Paper with Davis/Images/IMG_1130.jpeg,/Users/neiltripathi/Documents/Paper with Davis/Images/IMG_1131.jpeg,indoor,OC-20,"{""label"":""NOT_VISIBLE"",""reason_code"":""OCCLUSION"",""confidence"":0.95}","{""label"":""NOT_VISIBLE"",""reason_code"":""OCCLUSION"",""confidence"":0.95}","{""label"":""NOT_VISIBLE"",""reason_code"":""OCCLUSION"",""confidence"":0.95}","{""label"":""VISIBLE"",""reason_code"":""NONE"",""confidence"":1.0}"
OF-01,Done,Storefront window with items inside,Is the menu sign clearly visible in this photo?,Is the menu sign not visible in this photo (out of frame)?,Widen angle to include the delivery menu sign in frame,/Users/neiltripathi/Documents/Paper with Davis/Images/IMG_0616.jpeg,/Users/neiltripathi/Documents/Paper with Davis/Images/IMG_0617.jpeg,outdoor,OF-01,"{""label"":""NOT_VISIBLE"",""reason_code"":""NONE"",""confidence"":1.0}","{""label"":""VISIBLE"",""reason_code"":""NONE"",""confidence"":0.9}","{""label"":""VISIBLE"",""reason_code"":""NONE"",""confidence"":1.0}","{""label"":""NOT_VISIBLE"",""reason_code"":""NONE"",""confidence"":1.0}"
OF-02,Done,Subway entrance; narrow framing,Is the OMNY reader clearly visible in this photo?,Is the OMNY reader not visible in this photo (out of frame)?,Widen angle to include the OMNY tap reader in frame,/Users/neiltripathi/Documents/Paper with Davis/Images/IMG_0620.jpeg,/Users/neiltripathi/Documents/Paper with Davis/Images/IMG_0621.jpeg,indoor,OF-02,"{""label"":""NOT_VISIBLE"",""reason_code"":""NONE"",""confidence"":0.9}","{""label"":""NOT_VISIBLE"",""reason_code"":""OUT_OF_FRAME"",""confidence"":0.9}","{""label"":""NOT_VISIBLE"",""reason_code"":""NONE"",""confidence"":0.9}","{""label"":""VISIBLE"",""reason_code"":""NONE"",""confidence"":0.9}"
OF-03,Done,Parked car on street; narrow framing,Is the bike clearly visible in this photo?,Is the bike not visible in this photo (out of frame)?,Widen angle to include the Citi Bike behind the car,/Users/neiltripathi/Documents/Paper with Davis/Images/IMG_0389.jpeg,/Users/neiltripathi/Documents/Paper with Davis/Images/IMG_0390.jpeg,outdoor,OF-03,"{""label"":""NOT_VISIBLE"",""reason_code"":""OUT_OF_FRAME"",""confidence"":0.9}","{""label"":""VISIBLE"",""reason_code"":""NONE"",""confidence"":1.0}","{""label"":""VISIBLE"",""reason_code"":""NONE"",""confidence"":1.0}","{""label"":""NOT_VISIBLE"",""reason_code"":""NONE"",""confidence"":1.0}"
OF-04,Done,Cluttered desk with various items,Is the desk periphery clearly visible in this photo?,Are the items at the edge of the desk not visible (out of frame)?,Widen angle to show items at the edge of the desk,/Users/neiltripathi/Documents/Paper with Davis/Images/IMG_0265.jpeg,/Users/neiltripathi/Documents/Paper with Davis/Images/IMG_0266.jpeg,indoor,OF-04,"{""label"":""VISIBLE"",""reason_code"":""NONE"",""confidence"":0.95}","{""label"":""NOT_VISIBLE"",""reason_code"":""OUT_OF_FRAME"",""confidence"":1.0}","{""label"":""VISIBLE"",""reason_code"":""NONE"",""confidence"":0.9}","{""label"":""NOT_VISIBLE"",""reason_code"":""NONE"",""confidence"":1.0}"
OF-05,Done,Desk with laptop and shelf; narrow framing,Is the mug clearly visible in this photo?,Is the mug not visible in this photo (out of frame)?,Widen angle to include the mug at the edge of the desk,/Users/neiltripathi/Documents/Paper with Davis/Images/IMG_0263.jpeg,/Users/neiltripathi/Documents/Paper with Davis/Images/IMG_0264.jpeg,indoor,OF-05,"{""label"":""NOT_VISIBLE"",""reason_code"":""NONE"",""confidence"":0.9}","{""label"":""VISIBLE"",""reason_code"":""NONE"",""confidence"":0.95}","{""label"":""VISIBLE"",""reason_code"":""NONE"",""confidence"":1.0}","{""label"":""NOT_VISIBLE"",""reason_code"":""NONE"",""confidence"":1.0}"
OF-06,Done,Outdoor park scene; narrow framing,Is the park bench with people clearly visible in this photo?,Is the park bench not visible in this photo (out of frame)?,Widen angle to include the park bench and people,/Users/neiltripathi/Documents/Paper with Davis/Images/IMG_0403.jpeg,/Users/neiltripathi/Documents/Paper with Davis/Images/IMG_0404.jpeg,outdoor,OF-06,"{""label"":""VISIBLE"",""reason_code"":""NONE"",""confidence"":1.0}","{""label"":""NOT_VISIBLE"",""reason_code"":""NONE"",""confidence"":1.0}","{""label"":""NOT_VISIBLE"",""reason_code"":""NONE"",""confidence"":0.95}","{""label"":""NOT_VISIBLE"",""reason_code"":""NONE"",""confidence"":1.0}"
OF-07,Done,Room with QR code sign; printer out of frame,Is the printer clearly visible in this photo?,Is the printer not visible in this photo (out of frame)?,Widen angle to include the printer on the shelf above,/Users/neiltripathi/Documents/Paper with Davis/Images/IMG_0437.jpeg,/Users/neiltripathi/Documents/Paper with Davis/Images/IMG_0438.jpeg,indoor,OF-07,"{""label"":""NOT_VISIBLE"",""reason_code"":""OUT_OF_FRAME"",""confidence"":0.97}","{""label"":""VISIBLE"",""reason_code"":""NONE"",""confidence"":0.95}","{""label"":""VISIBLE"",""reason_code"":""NONE"",""confidence"":0.95}","{""label"":""NOT_VISIBLE"",""reason_code"":""NONE"",""confidence"":1.0}"
OF-08,Done,Room with pool cues and bookshelf; billiard ball partially hidden,Is the billiard ball clearly visible in this photo?,Is the billiard ball not clearly visible in this photo?,Adjust angle so the billiard ball on the shelf is clearly visible,/Users/neiltripathi/Documents/Paper with Davis/Images/IMG_0445.jpeg,/Users/neiltripathi/Documents/Paper with Davis/Images/IMG_0446.jpeg,indoor,OF-08,"{""label"":""VISIBLE"",""reason_code"":""NONE"",""confidence"":0.99}","{""label"":""NOT_VISIBLE"",""reason_code"":""NONE"",""confidence"":0.95}","{""label"":""VISIBLE"",""reason_code"":""NONE"",""confidence"":0.95}","{""label"":""NOT_VISIBLE"",""reason_code"":""NONE"",""confidence"":1.0}"
OF-09,Done,Wall with NYU posters; water fountain out of frame,Is the water fountain clearly visible in this photo?,Is the water fountain not visible in this photo (out of frame)?,Widen angle to include the Elkay water bottle filling station,/Users/neiltripathi/Documents/Paper with Davis/Images/IMG_1135.jpeg,/Users/neiltripathi/Documents/Paper with Davis/Images/IMG_1136.jpeg,indoor,OF-09,"{""label"":""NOT_VISIBLE"",""reason_code"":""NONE"",""confidence"":0.99}","{""label"":""VISIBLE"",""reason_code"":""NONE"",""confidence"":1.0}","{""label"":""NOT_VISIBLE"",""reason_code"":""NONE"",""confidence"":0.98}","{""label"":""VISIBLE"",""reason_code"":""NONE"",""confidence"":0.95}"
OF-10,Done,PC and dresser; narrow framing,Is the PC case clearly visible in this photo?,Is the PC case not visible in this photo (out of frame)?,Adjust framing to clearly show the PC case with RGB fans,/Users/neiltripathi/Documents/Paper with Davis/Images/IMG_0440.jpeg,/Users/neiltripathi/Documents/Paper with Davis/Images/IMG_0441.jpeg,indoor,OF-10,"{""label"":""NOT_VISIBLE"",""reason_code"":""NONE"",""confidence"":0.95}","{""label"":""VISIBLE"",""reason_code"":""NONE"",""confidence"":1.0}","{""label"":""NOT_VISIBLE"",""reason_code"":""NONE"",""confidence"":0.98}","{""label"":""ABSTAIN"",""reason_code"":""INSUFFICIENT_CONTEXT"",""confidence"":0.9}"
OF-12,Done,Overhead view of bookshelf cart; pool cues partially in frame,Is the pool cue clearly visible in this photo?,Is the pool cue not clearly visible in this photo?,Widen angle to more clearly show the pool cues,/Users/neiltripathi/Documents/Paper with Davis/Images/IMG_0951.jpeg,/Users/neiltripathi/Documents/Paper with Davis/Images/IMG_0953.jpeg,indoor,OF-12,"{""label"":""NOT_VISIBLE"",""reason_code"":""NONE"",""confidence"":1.0}","{""label"":""VISIBLE"",""reason_code"":""NONE"",""confidence"":0.95}","{""label"":""NOT_VISIBLE"",""reason_code"":""NONE"",""confidence"":1.0}","{""label"":""VISIBLE"",""reason_code"":""NONE"",""confidence"":0.95}"
OF-13,Done,Laundry basket out of frame.,Is the laundry basket visible in this photo?,Is the laundry basket not visible in this photo?,reframe to include it,/Users/neiltripathi/Documents/Paper with Davis/Images/IMG_0673.jpeg,/Users/neiltripathi/Documents/Paper with Davis/Images/IMG_0674.jpeg,indoor,OF-13,"{""label"":""NOT_VISIBLE"",""reason_code"":""NONE"",""confidence"":0.95}","{""label"":""VISIBLE"",""reason_code"":""NONE"",""confidence"":0.95}","{""label"":""VISIBLE"",""reason_code"":""NONE"",""confidence"":1.0}","{""label"":""NOT_VISIBLE"",""reason_code"":""NONE"",""confidence"":1.0}"
OF-14,Done,Microwave behind camera.,Is the bin visible in this photo?,Is the bin not visible in this photo?,Widen angle to include the bin in the frame,/Users/neiltripathi/Documents/Paper with Davis/Images/IMG_0663.jpeg,/Users/neiltripathi/Documents/Paper with Davis/Images/IMG_0664.jpeg,indoor,OF-14,"{""label"":""NOT_VISIBLE"",""reason_code"":""NONE"",""confidence"":0.99}","{""label"":""VISIBLE"",""reason_code"":""NONE"",""confidence"":0.95}","{""label"":""NOT_VISIBLE"",""reason_code"":""OUT_OF_FRAME"",""confidence"":0.95}","{""label"":""VISIBLE"",""reason_code"":""NONE"",""confidence"":0.95}"
OF-15,Done,Poster visible but no bin.,Is the microwave visible in this photo?,Is the microwave not visible in this photo?,pan left to include chute door,/Users/neiltripathi/Documents/Paper with Davis/Images/IMG_0667.jpeg,/Users/neiltripathi/Documents/Paper with Davis/Images/IMG_0668.jpeg,indoor,OF-15,"{""label"":""NOT_VISIBLE"",""reason_code"":""NONE"",""confidence"":1.0}","{""label"":""VISIBLE"",""reason_code"":""NONE"",""confidence"":1.0}","{""label"":""NOT_VISIBLE"",""reason_code"":""NONE"",""confidence"":1.0}","{""label"":""VISIBLE"",""reason_code"":""NONE"",""confidence"":1.0}"
OF-16,Done,Kitchen counter; some appliances out of frame,Is the microwave clearly visible in this photo?,Is the microwave not visible in this photo (out of frame)?,Widen angle to include the microwave on the counter,/Users/neiltripathi/Documents/Paper with Davis/Images/IMG_0949.jpeg,/Users/neiltripathi/Documents/Paper with Davis/Images/IMG_0950.jpeg,indoor,OF-16,"{""label"":""VISIBLE"",""reason_code"":""NONE"",""confidence"":0.95}","{""label"":""VISIBLE"",""reason_code"":""NONE"",""confidence"":0.95}","{""label"":""VISIBLE"",""reason_code"":""NONE"",""confidence"":1.0}","{""label"":""NOT_VISIBLE"",""reason_code"":""NONE"",""confidence"":1.0}"
