ID,Status,base_setup,base_question,flip_question,flip_change,pic_base,pic_flip,indoor_outdoor,id,gemini3_I0q0_json,gemini3_I0q1_json,gemini3_I1q0_json,gemini3_I1q1_json
AV-01,Done,Street view with distant building numbers,Is a building number clearly readable in this photo?,"Is the building number unreadable in this photo (too small, blurred, or too far)?",Move closer to a building entrance so the number is clearly visible,/Users/neiltripathi/Documents/Paper with Davis/Images/IMG_0618.jpeg,/Users/neiltripathi/Documents/Paper with Davis/Images/IMG_0619.jpeg,outdoor,AV-01,"{""label"":""NOT_VISIBLE"",""reason_code"":""LIGHTING_DISTANCE"",""confidence"":0.9}","{""label"":""NOT_VISIBLE"",""reason_code"":""NONE"",""confidence"":0.95}","{""label"":""VISIBLE"",""reason_code"":""NONE"",""confidence"":1.0}","{""label"":""NOT_VISIBLE"",""reason_code"":""NONE"",""confidence"":1}"
AV-02,Done,"View of dollar bill, cannot see serial clearly.",Is the serial number on the bill clearly readable in this photo?,"Is the serial number unreadable in this photo (too small, blurred, or unclear)?",macro close up,/Users/neiltripathi/Documents/Paper with Davis/Images/IMG_0293.jpeg,/Users/neiltripathi/Documents/Paper with Davis/Images/IMG_0294.jpeg,indoor,AV-02,"{""label"":""VISIBLE"",""reason_code"":""NONE"",""confidence"":1.0}","{""label"":""NOT_VISIBLE"",""reason_code"":""NONE"",""confidence"":1.0}","{""label"":""VISIBLE"",""reason_code"":""NONE"",""confidence"":1.0}","{""label"":""NOT_VISIBLE"",""reason_code"":""NONE"",""confidence"":1.0}"
AV-03,Done,"Food container, micro-text too small.",Is the ingredients fine print clearly readable in this photo?,Is the ingredients fine print unreadable in this photo (too small or blurred)?,move the camera closer until the text is large enough,/Users/neiltripathi/Documents/Paper with Davis/Images/IMG_0682.jpeg,/Users/neiltripathi/Documents/Paper with Davis/Images/IMG_0683.jpeg,indoor,AV-03,"{""label"":""NOT_VISIBLE"",""reason_code"":""LIGHTING_DISTANCE"",""confidence"":0.95}","{""label"":""VISIBLE"",""reason_code"":""NONE"",""confidence"":1.0}","{""label"":""VISIBLE"",""reason_code"":""NONE"",""confidence"":1.0}","{""label"":""NOT_VISIBLE"",""reason_code"":""NONE"",""confidence"":1.0}"
AV-04,Done,Laptop with text on screen.,Is the small text on the laptop screen clearly readable in this photo?,Is the laptop screen text unreadable in this photo (too small or unclear)?,move closer to see the text,/Users/neiltripathi/Documents/Paper with Davis/Images/IMG_1111.jpeg,/Users/neiltripathi/Documents/Paper with Davis/Images/IMG_1112.jpeg,indoor,AV-04,"{""label"":""NOT_VISIBLE"",""reason_code"":""LIGHTING_DISTANCE"",""confidence"":1.0}","{""label"":""VISIBLE"",""reason_code"":""NONE"",""confidence"":0.9}","{""label"":""VISIBLE"",""reason_code"":""NONE"",""confidence"":1}","{""label"":""NOT_VISIBLE"",""reason_code"":""NONE"",""confidence"":1}"
AV-05,Done,Medicine bottle far away; text blurry,Is the medicine bottle ingredient list clearly readable in this photo?,Is the medicine bottle ingredient list unreadable in this photo (too small or blurry)?,use a magnifying glass or phone zoom held near the label so the ingredient list is sharp and readable,/Users/neiltripathi/Documents/Paper with Davis/Images/IMG_0933.jpeg,/Users/neiltripathi/Documents/Paper with Davis/Images/IMG_0934.jpeg,indoor,AV-05,"{""label"":""NOT_VISIBLE"",""reason_code"":""LIGHTING_DISTANCE"",""confidence"":0.9}","{""label"":""VISIBLE"",""reason_code"":""NONE"",""confidence"":1.0}","{""label"":""VISIBLE"",""reason_code"":""NONE"",""confidence"":1}","{""label"":""NOT_VISIBLE"",""reason_code"":""NONE"",""confidence"":1.0}"
AV-06,Done,Yogurt container on table; expiration date too small to read,Is the yoghurt expiration date clearly readable in this photo?,Is the yoghurt expiration date unreadable in this photo (too small or blurry)?,pick up the container and use a close up shot so the expiration date fills the frame and the numbers are sharp and readable,/Users/neiltripathi/Documents/Paper with Davis/Images/IMG_1103.jpeg,/Users/neiltripathi/Documents/Paper with Davis/Images/IMG_1104.jpeg,indoor,AV-06,"{""label"":""VISIBLE"",""reason_code"":""NONE"",""confidence"":1}","{""label"":""NOT_VISIBLE"",""reason_code"":""NONE"",""confidence"":1}","{""label"":""VISIBLE"",""reason_code"":""NONE"",""confidence"":1}","{""label"":""NOT_VISIBLE"",""reason_code"":""NONE"",""confidence"":1.0}"
AV-07,Done,Lotion bottle far away; tiny text.,Is the lotion bottle fine print clearly readable in this photo?,Is the lotion bottle fine print unreadable in this photo (too small or unclear)?,bring the camera close or zoom in so the micro-text becomes legible,/Users/neiltripathi/Documents/Paper with Davis/Images/IMG_0684.jpeg,/Users/neiltripathi/Documents/Paper with Davis/Images/IMG_0685.jpeg,indoor,AV-07,"{""label"":""NOT_VISIBLE"",""reason_code"":""LIGHTING_DISTANCE"",""confidence"":1}","{""label"":""VISIBLE"",""reason_code"":""NONE"",""confidence"":1}","{""label"":""VISIBLE"",""reason_code"":""NONE"",""confidence"":1}","{""label"":""NOT_VISIBLE"",""reason_code"":""NONE"",""confidence"":1.0}"
GD-01,Done,Couple sitting next to each other.,Are the two people clearly looking at each other (mutual gaze)?,Are the two people clearly not looking at each other?,couple look at each other,/Users/neiltripathi/Documents/Paper with Davis/Images/IMG_0394.jpeg,/Users/neiltripathi/Documents/Paper with Davis/Images/IMG_0399.jpeg,outdoor,GD-01,"{""label"":""NOT_VISIBLE"",""reason_code"":""GAZE_DIRECTION"",""confidence"":0.95}","{""label"":""VISIBLE"",""reason_code"":""NONE"",""confidence"":0.95}","{""label"":""VISIBLE"",""reason_code"":""NONE"",""confidence"":0.9}","{""label"":""NOT_VISIBLE"",""reason_code"":""NONE"",""confidence"":0.95}"
GD-02,Done,Man turned away from cello.,Is he clearly looking at the cello (eyes directed at it)?,Is he clearly looking away from the cello?,turn his head and eyes down toward the cello while he plays it,/Users/neiltripathi/Documents/Paper with Davis/Images/IMG_0410.jpeg,/Users/neiltripathi/Documents/Paper with Davis/Images/IMG_0411.jpeg,outdoor,GD-02,"{""label"":""ABSTAIN"",""reason_code"":""INSUFFICIENT_CONTEXT"",""confidence"":1.0}","{""label"":""ABSTAIN"",""reason_code"":""INSUFFICIENT_CONTEXT"",""confidence"":1.0}","{""label"":""ABSTAIN"",""reason_code"":""INSUFFICIENT_CONTEXT"",""confidence"":0.9}","{""label"":""ABSTAIN"",""reason_code"":""INSUFFICIENT_CONTEXT"",""confidence"":0.9}"
GD-03,Done,"Friends walking, heads not facing camera.",Are they clearly looking towards the camera (posing for a photo)?,Are they clearly not looking towards the camera?,"have them stop and pose, all turning their heads and eyes toward the camera as if taking a picture",/Users/neiltripathi/Documents/Paper with Davis/Images/IMG_8024.jpeg,/Users/neiltripathi/Documents/Paper with Davis/Images/IMG_8023.jpeg,outdoor,GD-03,"{""label"":""NOT_VISIBLE"",""reason_code"":""GAZE_DIRECTION"",""confidence"":0.9}","{""label"":""VISIBLE"",""reason_code"":""NONE"",""confidence"":0.95}","{""label"":""NOT_VISIBLE"",""reason_code"":""GAZE_DIRECTION"",""confidence"":1}","{""label"":""VISIBLE"",""reason_code"":""NONE"",""confidence"":1.0}"
GD-04,Done,Sunglasses hide eyes.,Are his eyes and gaze direction clearly visible in this photo?,Is his gaze direction not visible in this photo (eyes hidden/obscured)?,remove sunglasses or add transparent ones so gaze direction is clear,/Users/neiltripathi/Documents/Paper with Davis/Images/IMG_0431.JPG,/Users/neiltripathi/Documents/Paper with Davis/Images/IMG_0432.JPG,indoor,GD-04,"{""label"":""NOT_VISIBLE"",""reason_code"":""OCCLUSION"",""confidence"":1.0}","{""label"":""VISIBLE"",""reason_code"":""NONE"",""confidence"":1.0}","{""label"":""VISIBLE"",""reason_code"":""NONE"",""confidence"":1}","{""label"":""NOT_VISIBLE"",""reason_code"":""NONE"",""confidence"":1.0}"
GD-05,Done,He is looking sideways.,Is the snowman clearly within his line of sight in this photo?,Is the snowman clearly outside his line of sight in this photo?,Flip would have him face the snowman directly.,/Users/neiltripathi/Documents/Paper with Davis/Images/IMG_0625.jpeg,/Users/neiltripathi/Documents/Paper with Davis/Images/IMG_0626.jpeg,outdoor,GD-05,"{""label"":""NOT_VISIBLE"",""reason_code"":""GAZE_DIRECTION"",""confidence"":0.9}","{""label"":""NOT_VISIBLE"",""reason_code"":""NONE"",""confidence"":0.9}","{""label"":""NOT_VISIBLE"",""reason_code"":""GAZE_DIRECTION"",""confidence"":0.95}","{""label"":""NOT_VISIBLE"",""reason_code"":""NONE"",""confidence"":0.7}"
GD-06,Done,Student facing roommate instead of laptop.,Is he clearly looking at the laptop screen?,Is he clearly not looking at the laptop screen?,turn his head and eyes toward the laptop screen while keeping her body position the same,/Users/neiltripathi/Documents/Paper with Davis/Images/IMG_0976.jpeg,/Users/neiltripathi/Documents/Paper with Davis/Images/IMG_0983.jpeg,indoor,GD-06,"{""label"":""NOT_VISIBLE"",""reason_code"":""GAZE_DIRECTION"",""confidence"":0.95}","{""label"":""VISIBLE"",""reason_code"":""NONE"",""confidence"":1.0}","{""label"":""VISIBLE"",""reason_code"":""NONE"",""confidence"":0.9}","{""label"":""NOT_VISIBLE"",""reason_code"":""NONE"",""confidence"":0.95}"
GD-07,Done,Bananas behind him.,Can he clearly see the bananas from where he is (in his forward view)?,Can he clearly not see the bananas from where he is?,turn his head and eyes around so he is clearly facing the banana stand,/Users/neiltripathi/Documents/Paper with Davis/Images/IMG_0636.jpeg,/Users/neiltripathi/Documents/Paper with Davis/Images/IMG_0637.jpeg,indoor,GD-07,"{""label"":""NOT_VISIBLE"",""reason_code"":""GAZE_DIRECTION"",""confidence"":1.0}","{""label"":""VISIBLE"",""reason_code"":""NONE"",""confidence"":0.95}","{""label"":""VISIBLE"",""reason_code"":""NONE"",""confidence"":1}","{""label"":""NOT_VISIBLE"",""reason_code"":""NONE"",""confidence"":0.95}"
GD-08,Done,Looking down; sign overhead.,Can he clearly see the aisle sign from where he is (in his view)?,Can he clearly not see the aisle sign from where he is?,raise his head and eyes so he is clearly looking up at the aisle sign,/Users/neiltripathi/Documents/Paper with Davis/Images/IMG_0630.jpeg,/Users/neiltripathi/Documents/Paper with Davis/Images/IMG_0631.jpeg,indoor,GD-08,"{""label"":""NOT_VISIBLE"",""reason_code"":""GAZE_DIRECTION"",""confidence"":0.95}","Based on the image, the man is standing in the aisle facing the shelves, examining the products (specifically the ""Gushers"" boxes). The prominent aisle sign labeled ""Fruit Snacks"" is located above the shelving unit near the start of the aisle. The man is standing further down the aisle (roughly at the third or fourth bay) relative to the sign. Consequently, the ""Fruit Snacks"" sign is positioned above and behind his head/left shoulder. From his current position and orientation, the sign is outside his field of view. Therefore, the claim that he clearly cannot see the aisle sign from where he is (without turning around completely) is true and visually supported.

{""label"":""VISIBLE"",""reason_code"":""NONE"",""confidence"":0.9}","{""label"":""NOT_VISIBLE"",""reason_code"":""GAZE_DIRECTION"",""confidence"":0.9}","The claim in the question is ""he clearly cannot see the aisle sign"". Based on the image, the man is standing in the aisle, directly in front of the shelves. The ""Fruit Snacks"" aisle sign is positioned above the shelving unit, protruding into the aisle, generally within the upper field of view of someone standing in that position. There are no opaque obstructions (like a wall or pillar) between his head and the sign. While his current gaze appears directed at the middle shelves (suggesting he is not *currently* looking at the sign), he is physically positioned such that the sign is within his potential line of sight (he would simply need to tilt his head up). Therefore, the assertion that he ""cannot"" see it is false; he is capable of seeing it. Since the claim is false because the opposite (he *can* see it) is true, the label is NOT_VISIBLE with reason code NONE.

{""label"":""NOT_VISIBLE"",""reason_code"":""NONE"",""confidence"":0.9}"
GD-09,Done,Bottle behind monitor; he looks away.,Is the water bottle clearly visible to him (in his view)?,Is the water bottle clearly not visible to him (out of his view)?,Turn head/eyes toward water bottle; keep scene identical,/Users/neiltripathi/Documents/Paper with Davis/Images/IMG_0986.jpeg,/Users/neiltripathi/Documents/Paper with Davis/Images/IMG_0989.jpeg,indoor,GD-09,"{""label"":""NOT_VISIBLE"",""reason_code"":""GAZE_DIRECTION"",""confidence"":0.95}","The claim in the question is that the water bottle is **not visible** to the man (i.e., that it is out of his view).

1.  **Analyze the spatial layout**: The man is seated in a chair, facing towards the left of the image. The camera is positioned to his front-right.
2.  **Locate the bottle**: The black water bottle is sitting on a desk in the foreground, to the left of the image center.
3.  **Determine visibility**: Based on the depth and positioning, the bottle is located on the desk of the chair immediately to the man's right (from his perspective) or in the row directly in front of him. In either case, the bottle is physically located in the open space in front of his face plane (in his forward-right or forward-left visual quadrant).
4.  **Check for occlusion**: There are no objects (like walls or high chair backs) blocking the line of sight between the man's head and the bottle.
5.  **Conclusion on view**: While the man is currently looking down at his phone (gaze direction), the water bottle is well within his potential field of view (peripheral or direct if he looks up). Objects in the forward hemisphere of a person's environment that are unoccluded are considered ""visible"" to them.

Therefore, the claim that the bottle is ""out of his view"" or ""not visible to him"" is **false**. Since the claim is false because the bottle *is* clearly visible to him, the correct label is **NOT_VISIBLE** (indicating the claim is false) with reason code **NONE**.

{""label"":""NOT_VISIBLE"",""reason_code"":""NONE"",""confidence"":0.95}","{
  ""label"": ""NOT_VISIBLE"",
  ""reason_code"": ""OCCLUSION"",
  ""confidence"": 0.95
}","{""label"":""NOT_VISIBLE"",""reason_code"":""NONE"",""confidence"":0.95}"
GD-10,Done,He is turned toward friend.,Is he clearly looking at the open washer?,Is he clearly looking away from the open washer?,turn his head toward the washer,/Users/neiltripathi/Documents/Paper with Davis/Images/IMG_1090.jpeg,/Users/neiltripathi/Documents/Paper with Davis/Images/IMG_1091.jpeg,indoor,GD-10,"{""label"":""NOT_VISIBLE"",""reason_code"":""GAZE_DIRECTION"",""confidence"":0.95}","{""label"":""VISIBLE"",""reason_code"":""NONE"",""confidence"":0.95}","{""label"":""VISIBLE"",""reason_code"":""NONE"",""confidence"":0.9}","{""label"":""NOT_VISIBLE"",""reason_code"":""NONE"",""confidence"":0.9}"
GD-11,Done,Gaze unclear.,Is he clearly looking at his shoes (eyes directed down at them)?,Is he clearly not looking at his shoes?,Capture him clearly tilting his head down with eyes obviously directed at his shoes,/Users/neiltripathi/Documents/Paper with Davis/Images/IMG_0901.jpeg,/Users/neiltripathi/Documents/Paper with Davis/Images/IMG_0898.jpeg,outdoor,GD-11,"{""label"":""NOT_VISIBLE"",""reason_code"":""GAZE_DIRECTION"",""confidence"":0.95}","{""label"":""VISIBLE"",""reason_code"":""NONE"",""confidence"":0.95}","{""label"":""ABSTAIN"",""reason_code"":""LIGHTING_DISTANCE"",""confidence"":0.9}","{""label"":""NOT_VISIBLE"",""reason_code"":""NONE"",""confidence"":0.95}"
GD-12,Done,Head and eyes misaligned.,Is he clearly looking at the plant?,Is he clearly not looking at the plant?,Capture him with head and eyes clearly turned toward the plant,/Users/neiltripathi/Documents/Paper with Davis/Images/IMG_0904.jpeg,/Users/neiltripathi/Documents/Paper with Davis/Images/IMG_0903.jpeg,outdoor,GD-12,"{""label"":""NOT_VISIBLE"",""reason_code"":""GAZE_DIRECTION"",""confidence"":1}","{""label"":""VISIBLE"",""reason_code"":""NONE"",""confidence"":0.9}","{""label"":""NOT_VISIBLE"",""reason_code"":""GAZE_DIRECTION"",""confidence"":0.9}","{""label"":""VISIBLE"",""reason_code"":""NONE"",""confidence"":0.9}"
GD-13,Done,Gaze ambiguous.,Is he clearly looking at his phone screen?,Is he clearly not looking at his phone?,Capture him clearly looking down at the phone screen with visible eye direction toward it,/Users/neiltripathi/Documents/Paper with Davis/Images/IMG_5809.jpeg,/Users/neiltripathi/Documents/Paper with Davis/Images/IMG_5807.jpeg,outdoor,GD-13,"{""label"":""NOT_VISIBLE"",""reason_code"":""GAZE_DIRECTION"",""confidence"":1.0}","{""label"":""VISIBLE"",""reason_code"":""NONE"",""confidence"":1.0}","{""label"":""VISIBLE"",""reason_code"":""NONE"",""confidence"":1.0}","{""label"":""NOT_VISIBLE"",""reason_code"":""NONE"",""confidence"":0.95}"
GD-14,Done,Head and eyes not aligned.,Is he clearly looking at the whiteboard content?,Is he clearly not looking at the whiteboard?,Turn his head and eyes clearly toward the writing on the board.,/Users/neiltripathi/Documents/Paper with Davis/Images/IMG_1004.jpeg,/Users/neiltripathi/Documents/Paper with Davis/Images/IMG_1008.jpeg,indoor,GD-14,"{""label"":""NOT_VISIBLE"",""reason_code"":""GAZE_DIRECTION"",""confidence"":0.9}","{""label"":""NOT_VISIBLE"",""reason_code"":""NONE"",""confidence"":0.9}","{""label"":""NOT_VISIBLE"",""reason_code"":""NONE"",""confidence"":0.95}","{""label"":""NOT_VISIBLE"",""reason_code"":""NONE"",""confidence"":1.0}"
GD-15,Done,Student turned away.,Is he clearly looking at the dryer display?,Is he clearly not looking at the dryer display?,keep his body in place but turn his head and eyes toward the dryer so he is clearly looking at the display,/Users/neiltripathi/Documents/Paper with Davis/Images/IMG_1093.jpeg,/Users/neiltripathi/Documents/Paper with Davis/Images/IMG_1094.jpeg,indoor,GD-15,"{""label"":""VISIBLE"",""reason_code"":""NONE"",""confidence"":0.95}","{""label"":""VISIBLE"",""reason_code"":""NONE"",""confidence"":0.95}","{""label"":""VISIBLE"",""reason_code"":""NONE"",""confidence"":0.95}","{""label"":""VISIBLE"",""reason_code"":""NONE"",""confidence"":0.95}"
GD-16,Done,Eyes not clearly on the page.,Is he clearly looking at his notebook page?,Is he clearly not looking at his notebook?,Keep the position but have him clearly look down at the notebook page.,/Users/neiltripathi/Documents/Paper with Davis/Images/IMG_1020.jpeg,/Users/neiltripathi/Documents/Paper with Davis/Images/IMG_1016.jpeg,indoor,GD-16,"{""label"":""NOT_VISIBLE"",""reason_code"":""GAZE_DIRECTION"",""confidence"":1}","{""label"":""VISIBLE"",""reason_code"":""NONE"",""confidence"":1.0}","{""label"":""VISIBLE"",""reason_code"":""NONE"",""confidence"":1}","{""label"":""NOT_VISIBLE"",""reason_code"":""NONE"",""confidence"":0.95}"
GD-17,Done,Gaze slightly off.,Is he clearly looking at the TV screen?,Is he clearly not looking at the TV screen?,Have him face the TV directly with eyes clearly aligned to the screen.,/Users/neiltripathi/Documents/Paper with Davis/Images/IMG_1011.jpeg,/Users/neiltripathi/Documents/Paper with Davis/Images/IMG_1014.jpeg,indoor,GD-17,"{""label"":""NOT_VISIBLE"",""reason_code"":""GAZE_DIRECTION"",""confidence"":1}","{""label"":""VISIBLE"",""reason_code"":""NONE"",""confidence"":1}","{""label"":""VISIBLE"",""reason_code"":""NONE"",""confidence"":1}","{""label"":""NOT_VISIBLE"",""reason_code"":""NONE"",""confidence"":0.95}"
GD-18,Done,Cat looking toward window.,Is the cat clearly looking towards the camera?,Is the cat clearly looking away from the camera?,keep the cat in the same spot but capture a moment when it is looking straight toward the camera lens so its pupils are clearly directed at the viewer,/Users/neiltripathi/Documents/Paper with Davis/Images/IMG_7812.jpeg,/Users/neiltripathi/Documents/Paper with Davis/Images/IMG_7851.jpeg,indoor,GD-18,"{""label"":""NOT_VISIBLE"",""reason_code"":""GAZE_DIRECTION"",""confidence"":0.9}","{""label"":""VISIBLE"",""reason_code"":""NONE"",""confidence"":0.95}","{""label"":""NOT_VISIBLE"",""reason_code"":""GAZE_DIRECTION"",""confidence"":0.95}","{""label"":""VISIBLE"",""reason_code"":""NONE"",""confidence"":1.0}"
GD-19,Done,Girl looking away.,Is she clearly reading the book (eyes on the page)?,Is she clearly not reading the book?,She looks at the book.,/Users/neiltripathi/Documents/Paper with Davis/Images/IMG_0994.jpeg,/Users/neiltripathi/Documents/Paper with Davis/Images/IMG_0993.jpeg,indoor,GD-19,"{""label"":""NOT_VISIBLE"",""reason_code"":""GAZE_DIRECTION"",""confidence"":1}","{""label"":""VISIBLE"",""reason_code"":""NONE"",""confidence"":0.95}","{""label"":""VISIBLE"",""reason_code"":""NONE"",""confidence"":1.0}","{""label"":""NOT_VISIBLE"",""reason_code"":""NONE"",""confidence"":0.95}"
GD-20,Done,Facing hallway.,Is he clearly looking out the window (eyes directed outside)?,Is he clearly not looking out the window?,He looks outside the window.,/Users/neiltripathi/Documents/Paper with Davis/Images/IMG_1026.jpeg,/Users/neiltripathi/Documents/Paper with Davis/Images/IMG_1028.jpeg,indoor,GD-20,"{""label"":""VISIBLE"",""reason_code"":""NONE"",""confidence"":0.95}","Based on the image, the man is standing in a glass-walled corridor. While his back is turned to the large window wall on the right side of the image, he is facing the left side of the corridor, which also consists of floor-to-ceiling glass panes between columns. Through the glass on the left, an exterior view (another building) is visible, and the light on his face suggests he is facing this light source. His gaze is directed horizontally outward through the glass on the left. Therefore, he appears to be looking out a window. The claim that he is ""not looking out the window"" is false.

{""label"":""NOT_VISIBLE"",""reason_code"":""NONE"",""confidence"":0.9}","{""label"":""VISIBLE"",""reason_code"":""NONE"",""confidence"":1.0}","{""label"":""NOT_VISIBLE"",""reason_code"":""NONE"",""confidence"":0.95}"
IC-01,Done,Many similar bottles; none marked.,Is the moisturising lotion uniquely identifiable in this photo?,Is the moisturising lotion not uniquely identifiable in this photo?,place moisturiser in view,/Users/neiltripathi/Documents/Paper with Davis/Images/IMG_0271.jpeg,/Users/neiltripathi/Documents/Paper with Davis/Images/IMG_0270.jpeg,indoor,IC-01,"{""label"":""NOT_VISIBLE"",""reason_code"":""OUT_OF_FRAME"",""confidence"":0.95}","{""label"":""NOT_VISIBLE"",""reason_code"":""NONE"",""confidence"":0.95}","{""label"":""VISIBLE"",""reason_code"":""NONE"",""confidence"":1}","{""label"":""NOT_VISIBLE"",""reason_code"":""NONE"",""confidence"":1.0}"
IC-02,Done,Only legs and shoes shown.,Is it visually clear that the person is about to leave the house?,Is it visually clear that the person is not about to leave the house?,Take the same photo but with the shoes on.,/Users/neiltripathi/Documents/Paper with Davis/Images/IMG_1113.jpeg,/Users/neiltripathi/Documents/Paper with Davis/Images/IMG_1114.jpeg,indoor,IC-02,"{""label"":""NOT_VISIBLE"",""reason_code"":""NONE"",""confidence"":0.95}","The user wants to know if it is visually clear that the person is *not* about to leave the house.

1.  **Analyze the Visual Evidence:**
    *   **Posture:** The person is lying down or reclining on a bed, with legs crossed at the ankles. This is a posture of rest or relaxation.
    *   **Clothing:** The person is wearing dark pants (possibly sweatpants or activewear) and heavy socks. They are not wearing shoes.
    *   **Surroundings:** There is a backpack on the bed next to the legs. A black puffer jacket is draped over a chair nearby. White sneakers are visible on the floor near the radiator. A plastic bag hangs on the door handle.
    *   **Activity:** The person appears to be inactive/resting.

2.  **Evaluate the Claim:** ""The person is not about to leave the house.""
    *   **Arguments for True (Not leaving):** The person is lying down and has taken their shoes off. Lying down is physically contrary to the act of leaving.
    *   **Arguments for False (Leaving):** ""About to leave"" refers to imminent future action. The person is fully dressed (except shoes) and has their gear (backpack, jacket, shoes) in immediate proximity. It is plausible they are resting briefly while waiting for a specific time or event (e.g., a ride, a class start time) before putting on shoes and leaving.
    *   **Ambiguity:** The phrase ""about to leave"" describes intent or immediate future plans. While the current posture (lying down) is static, it does not rule out the possibility of leaving in the very near future (e.g., 5-10 minutes). The presence of the backpack on the bed and jacket on the chair makes the ""waiting to leave"" scenario plausible. Conversely, they could be done for the day.

3.  **Conclusion:**
    *   The visual information (pixels) captures a single static moment.
    *   Because the visual cues are mixed (resting posture vs. street clothes/gear ready), one cannot definitively determine the person's intent or next action.
    *   Therefore, it is **not** visually clear whether they are about to leave or not.
    *   Since I cannot decide the truth of the claim ""person is not about to leave"" based on the image alone, I must **ABSTAIN**.

4.  **Reason Code:**
    *   **INSUFFICIENT_CONTEXT**: The image lacks the necessary context (e.g., time of day, knowledge of schedule/plans) to distinguish between ""relaxing for the night"" and ""pausing before departure"". (One could also argue **INHERENTLY_NONVISUAL** because ""about to"" implies future intent, but often physical preparations make it visible; here, the preparations are ambiguous). **INSUFFICIENT_CONTEXT** is the most precise fit for an ambiguous scene.

{""label"":""ABSTAIN"",""reason_code"":""INSUFFICIENT_CONTEXT"",""confidence"":0.9}","{""label"":""NOT_VISIBLE"",""reason_code"":""INHERENTLY_NONVISUAL"",""confidence"":0.95}","{""label"":""NOT_VISIBLE"",""reason_code"":""INSUFFICIENT_CONTEXT"",""confidence"":0.9}"
IC-03,Done,Many similar shoes with no cues.,Can you uniquely identify which pair of shoes is his from this photo?,Is it not possible to identify which shoes are his from this photo?,He stands wearing one pair of the shoes.,/Users/neiltripathi/Documents/Paper with Davis/Images/IMG_1132.jpeg,/Users/neiltripathi/Documents/Paper with Davis/Images/IMG_1133.jpeg,indoor,IC-03,"{""label"":""NOT_VISIBLE"",""reason_code"":""INSUFFICIENT_CONTEXT"",""confidence"":1.0}","{""label"":""VISIBLE"",""reason_code"":""NONE"",""confidence"":1.0}","{""label"":""NOT_VISIBLE"",""reason_code"":""INHERENTLY_NONVISUAL"",""confidence"":0.95}","The question claims that it is not possible to identify which shoes belong to ""him"" from the photo. Based on the visual evidence:

1.  **Referent Ambiguity**: The pronoun ""his"" implies a male subject. The only person partially visible is the one wearing black sneakers (seen from a first-person perspective). There is no visual information to confirm the gender of this person.
2.  **Ownership Ambiguity**: Even if we assume ""he"" refers to the person taking the photo, simply wearing shoes does not definitively prove ownership (though it suggests it), and more importantly, there is absolutely no visual way to determine if the other shoes on the floor belong to the photographer, a roommate, or someone else. There are no name tags or distinguishing ownership marks.
3.  **Conclusion**: Since ownership is an abstract concept not depicted in the pixels, and the gender/identity of the subject is ambiguous, it is indeed impossible to visually identify which shoes belong to a specific male person (""him"").

Therefore, the claim that it is ""not possible"" is visually confirmable as true (by the absence of necessary information).

{""label"":""VISIBLE"",""reason_code"":""NONE"",""confidence"":0.9}"
IC-04,Done,Dog looking elsewhere.,Is the dog clearly looking at the owner?,Is the dog clearly not looking at the owner?,dog looks at the owner,/Users/neiltripathi/Documents/Paper with Davis/Images/IMG_8013.jpeg,/Users/neiltripathi/Documents/Paper with Davis/Images/IMG_8019.jpeg,outdoor,IC-04,"{""label"":""NOT_VISIBLE"",""reason_code"":""GAZE_DIRECTION"",""confidence"":0.9}","{""label"":""VISIBLE"",""reason_code"":""NONE"",""confidence"":0.85}","{""label"":""VISIBLE"",""reason_code"":""NONE"",""confidence"":0.95}","{""label"":""NOT_VISIBLE"",""reason_code"":""NONE"",""confidence"":0.95}"
IC-05,Done,Identical mailboxes with no marker.,Is the correct mailbox clearly identifiable in this photo?,Is the correct mailbox not identifiable in this photo?,Place your keys inside the right mailbox so it becomes clearly identifiable which one is meant by “right.”,/Users/neiltripathi/Documents/Paper with Davis/Images/IMG_1115.jpeg,/Users/neiltripathi/Documents/Paper with Davis/Images/IMG_1116.jpeg,outdoor,IC-05,"{""label"":""ABSTAIN"",""reason_code"":""INSUFFICIENT_CONTEXT"",""confidence"":1}","{""label"":""ABSTAIN"",""reason_code"":""INSUFFICIENT_CONTEXT"",""confidence"":0.95}","{""label"":""VISIBLE"",""reason_code"":""NONE"",""confidence"":0.95}","{""label"":""NOT_VISIBLE"",""reason_code"":""NONE"",""confidence"":0.95}"
IC-06,Done,Posture unclear.,Is it visually clear that the person is working (actively doing work)?,Is it visually clear that the person is not working?,"Add clear studying cues such as typing, notes open, or focused posture.",/Users/neiltripathi/Documents/Paper with Davis/Images/IMG_1123.jpeg,/Users/neiltripathi/Documents/Paper with Davis/Images/IMG_1124.jpeg,indoor,IC-06,"The image shows a person sitting on a sofa with a laptop open on their lap. The person is looking at the screen, and their hands are resting on their legs/thighs, not on the keyboard or trackpad. While the screen displays a window with a layout that could be an email client, a document, or a code editor, the resolution/distance (`LIGHTING_DISTANCE`) prevents reading the text to confirm the nature of the content (e.g., work vs. personal browsing). Furthermore, the person's posture is passive (hands off input devices), which creates ambiguity regarding the ""actively doing work"" claim. Because the specific content of the screen is illegible and the posture is passive, it is not visually clear that the person is actively working as opposed to reading or watching content for leisure. Therefore, the claim ""it is visually clear that the person is working"" is false.

{""label"":""NOT_VISIBLE"",""reason_code"":""LIGHTING_DISTANCE"",""confidence"":0.9}","{""label"":""NOT_VISIBLE"",""reason_code"":""NONE"",""confidence"":0.9}","{""label"":""ABSTAIN"",""reason_code"":""INSUFFICIENT_CONTEXT"",""confidence"":0.9}","{""label"":""NOT_VISIBLE"",""reason_code"":""NONE"",""confidence"":0.95}"
IC-07,Done,Chairs identical; no marking.,Is the reserved seat clearly indicated in this photo?,Is the reserved seat not indicated in this photo?,put a name tag on his umbrella or add an arrow pointing to it,/Users/neiltripathi/Documents/Paper with Davis/Images/IMG_0973.jpeg,/Users/neiltripathi/Documents/Paper with Davis/Images/IMG_0974.jpeg,indoor,IC-07,"{""label"":""NOT_VISIBLE"",""reason_code"":""NONE"",""confidence"":0.95}","{""label"":""VISIBLE"",""reason_code"":""NONE"",""confidence"":1}","{""label"":""VISIBLE"",""reason_code"":""NONE"",""confidence"":1}","{""label"":""NOT_VISIBLE"",""reason_code"":""NONE"",""confidence"":1.0}"
LD-01,Done,Spice cabinet in very dark kitchen; labels not readable,Are the spice labels clearly readable in this photo?,Are the spice labels unreadable in this photo (too dark)?,Turn on lights so the spice labels are clearly readable,/Users/neiltripathi/Documents/Paper with Davis/Images/IMG_0287.jpeg,/Users/neiltripathi/Documents/Paper with Davis/Images/IMG_0288.jpeg,indoor,LD-01,"{""label"":""NOT_VISIBLE"",""reason_code"":""LIGHTING_DISTANCE"",""confidence"":0.95}","{""label"":""VISIBLE"",""reason_code"":""NONE"",""confidence"":1.0}","{""label"":""VISIBLE"",""reason_code"":""NONE"",""confidence"":0.9}","{""label"":""NOT_VISIBLE"",""reason_code"":""NONE"",""confidence"":1}"
LD-02,Done,Outdoor sign with glare.,Is the sign text clearly readable in this photo?,Is the sign text unreadable in this photo?,Move closer or adjust angle so the text becomes clearly readable.,/Users/neiltripathi/Documents/Paper with Davis/Images/IMG_1121.jpeg,/Users/neiltripathi/Documents/Paper with Davis/Images/IMG_1122.jpeg,outdoor,LD-02,"{""label"":""VISIBLE"",""reason_code"":""NONE"",""confidence"":0.95}","{""label"":""NOT_VISIBLE"",""reason_code"":""NONE"",""confidence"":0.95}","{""label"":""VISIBLE"",""reason_code"":""NONE"",""confidence"":1.0}","{""label"":""NOT_VISIBLE"",""reason_code"":""NONE"",""confidence"":1}"
LD-03,Done,Distant and dim.,Is the street sign text clearly readable in this photo?,Is the street sign unreadable in this photo?,change angle to avoid glare,/Users/neiltripathi/Documents/Paper with Davis/Images/IMG_0418.jpeg,/Users/neiltripathi/Documents/Paper with Davis/Images/IMG_0420.jpeg,outdoor,LD-03,"{""label"":""VISIBLE"",""reason_code"":""NONE"",""confidence"":1}","{""label"":""NOT_VISIBLE"",""reason_code"":""NONE"",""confidence"":1.0}","{""label"":""NOT_VISIBLE"",""reason_code"":""LIGHTING_DISTANCE"",""confidence"":0.9}","{""label"":""NOT_VISIBLE"",""reason_code"":""NONE"",""confidence"":0.9}"
LD-04,Done,Night street scene; building signs poorly lit,Is the street sign text clearly readable in this dark scene?,Is the street sign text unreadable in this photo (too dark)?,Street signs are visible but dimly lit at night,/Users/neiltripathi/Documents/Paper with Davis/Images/IMG_0296.jpeg,/Users/neiltripathi/Documents/Paper with Davis/Images/IMG_0297.jpeg,outdoor,LD-04,"{""label"":""NOT_VISIBLE"",""reason_code"":""LIGHTING_DISTANCE"",""confidence"":0.9}","{""label"":""NOT_VISIBLE"",""reason_code"":""NONE"",""confidence"":1}","{""label"":""VISIBLE"",""reason_code"":""NONE"",""confidence"":1.0}","{""label"":""NOT_VISIBLE"",""reason_code"":""NONE"",""confidence"":1.0}"
LD-05,Done,Package on floor near door; label facing away or hard to read,Is the package label text clearly readable in this photo?,Is the package label text unreadable in this photo?,Reposition package so the label text is clearly readable,/Users/neiltripathi/Documents/Paper with Davis/Images/IMG_0435.jpeg,/Users/neiltripathi/Documents/Paper with Davis/Images/IMG_0436.jpeg,indoor,LD-05,"{""label"":""NOT_VISIBLE"",""reason_code"":""LIGHTING_DISTANCE"",""confidence"":0.9}","{""label"":""NOT_VISIBLE"",""reason_code"":""NONE"",""confidence"":0.95}","{""label"":""VISIBLE"",""reason_code"":""NONE"",""confidence"":1}","{""label"":""NOT_VISIBLE"",""reason_code"":""NONE"",""confidence"":1}"
LD-06,Done,Crosswalk with countdown timer visible at a distance,Is the crosswalk countdown number clearly readable in this photo?,Is the crosswalk countdown number unreadable in this photo?,Move closer or zoom so the countdown number is readable,/Users/neiltripathi/Documents/Paper with Davis/Images/IMG_0638.jpeg,/Users/neiltripathi/Documents/Paper with Davis/Images/IMG_0639.jpeg,outdoor,LD-06,"{""label"":""NOT_VISIBLE"",""reason_code"":""LIGHTING_DISTANCE"",""confidence"":0.9}","{""label"":""VISIBLE"",""reason_code"":""NONE"",""confidence"":0.95}","{""label"":""VISIBLE"",""reason_code"":""NONE"",""confidence"":1.0}","{""label"":""NOT_VISIBLE"",""reason_code"":""NONE"",""confidence"":1}"
LD-07,Done,Bus stop with route information sign,Is the bus route/number clearly readable in this photo?,Is the bus route/number unreadable in this photo?,Move closer so the bus route number and text are clearly readable,/Users/neiltripathi/Documents/Paper with Davis/Images/IMG_0650.jpeg,/Users/neiltripathi/Documents/Paper with Davis/Images/IMG_0644.jpeg,outdoor,LD-07,"{""label"":""VISIBLE"",""reason_code"":""NONE"",""confidence"":1}","{""label"":""NOT_VISIBLE"",""reason_code"":""NONE"",""confidence"":1}","{""label"":""VISIBLE"",""reason_code"":""NONE"",""confidence"":1.0}","{""label"":""NOT_VISIBLE"",""reason_code"":""NONE"",""confidence"":1}"
LD-08,Done,Room dark.,Is the protein powder label text clearly readable in this photo?,Is the label unreadable in this photo (too dark/low contrast)?,move portable lamp to light the map,/Users/neiltripathi/Documents/Paper with Davis/Images/IMG_1099.jpeg,/Users/neiltripathi/Documents/Paper with Davis/Images/IMG_1100.jpeg,indoor,LD-08,"{""label"":""NOT_VISIBLE"",""reason_code"":""LIGHTING_DISTANCE"",""confidence"":1.0}","{""label"":""VISIBLE"",""reason_code"":""NONE"",""confidence"":1.0}","{""label"":""VISIBLE"",""reason_code"":""NONE"",""confidence"":1}","{""label"":""NOT_VISIBLE"",""reason_code"":""NONE"",""confidence"":0.95}"
LD-09,Done,Protein powder containers on shelf in dim lighting,Is the protein powder label text clearly readable in this photo?,Is the protein powder label text unreadable in this photo (too dark)?,Improve lighting so the protein powder label text is readable,/Users/neiltripathi/Documents/Paper with Davis/Images/IMG_0661.jpeg,/Users/neiltripathi/Documents/Paper with Davis/Images/IMG_0662.jpeg,indoor,LD-09,"{""label"":""NOT_VISIBLE"",""reason_code"":""LIGHTING_DISTANCE"",""confidence"":1.0}","{""label"":""VISIBLE"",""reason_code"":""NONE"",""confidence"":1.0}","{""label"":""VISIBLE"",""reason_code"":""NONE"",""confidence"":1}","{""label"":""NOT_VISIBLE"",""reason_code"":""NONE"",""confidence"":1}"
LD-10,Done,Far or glare makes text unclear.,Is the restaurant sign text clearly readable in this photo?,Is the restaurant sign text unreadable in this photo?,Move closer so the restaurant sign text is clearly readable,/Users/neiltripathi/Documents/Paper with Davis/Images/IMG_1119.jpeg,/Users/neiltripathi/Documents/Paper with Davis/Images/IMG_1120.jpeg,indoor,LD-10,"{""label"":""NOT_VISIBLE"",""reason_code"":""OCCLUSION"",""confidence"":0.95}","{""label"":""NOT_VISIBLE"",""reason_code"":""NONE"",""confidence"":0.95}","{""label"":""VISIBLE"",""reason_code"":""NONE"",""confidence"":1.0}","{""label"":""NOT_VISIBLE"",""reason_code"":""NONE"",""confidence"":1}"
LD-11,Done,Mirror selfie in dark.,Is the person’s face clearly visible in this photo?,Is the person’s face not clearly visible in this photo?,Turn light on,/Users/neiltripathi/Documents/Paper with Davis/Images/IMG_1109.jpeg,/Users/neiltripathi/Documents/Paper with Davis/Images/IMG_1110.jpeg,indoor,LD-11,"{""label"":""VISIBLE"",""reason_code"":""NONE"",""confidence"":0.8}","{""label"":""NOT_VISIBLE"",""reason_code"":""NONE"",""confidence"":0.9}","{""label"":""VISIBLE"",""reason_code"":""NONE"",""confidence"":1.0}","{""label"":""NOT_VISIBLE"",""reason_code"":""NONE"",""confidence"":1.0}"
LD-12,Done,Very dark room.,Is the text on the paper clearly readable in this photo?,Is the text on the paper unreadable in this photo?,Increase brightness,/Users/neiltripathi/Documents/Paper with Davis/Images/IMG_1128.jpeg,/Users/neiltripathi/Documents/Paper with Davis/Images/IMG_1129.jpeg,indoor,LD-12,"{""label"":""NOT_VISIBLE"",""reason_code"":""LIGHTING_DISTANCE"",""confidence"":1}","{""label"":""VISIBLE"",""reason_code"":""NONE"",""confidence"":1}","{""label"":""VISIBLE"",""reason_code"":""NONE"",""confidence"":1}","{""label"":""NOT_VISIBLE"",""reason_code"":""NONE"",""confidence"":1.0}"
LD-13,Done,Person holding phone; screen content not visible from distance,Is the phone screen content clearly visible in this photo?,Is the phone screen content not visible in this photo (too far or washed out)?,Move closer to the phone screen so the content is clearly readable,/Users/neiltripathi/Documents/Paper with Davis/Images/IMG_0416.jpeg,/Users/neiltripathi/Documents/Paper with Davis/Images/IMG_0417.jpeg,outdoor,LD-13,"{""label"":""NOT_VISIBLE"",""reason_code"":""LIGHTING_DISTANCE"",""confidence"":0.95}","{""label"":""VISIBLE"",""reason_code"":""NONE"",""confidence"":1.0}","{""label"":""VISIBLE"",""reason_code"":""NONE"",""confidence"":1.0}","{""label"":""NOT_VISIBLE"",""reason_code"":""NONE"",""confidence"":1.0}"
MA-01,Done,Gesture unclear.,Are they clearly greeting each other (clear greeting gesture)?,Are they clearly not greeting each other (no greeting happening)?,Capture them both with clear smiles directed at each other,/Users/neiltripathi/Documents/Paper with Davis/Images/IMG_0847.jpeg,/Users/neiltripathi/Documents/Paper with Davis/Images/IMG_0850.jpeg,indoor,MA-01,"{""label"":""NOT_VISIBLE"",""reason_code"":""NONE"",""confidence"":0.9}","{""label"":""VISIBLE"",""reason_code"":""NONE"",""confidence"":0.85}","{""label"":""NOT_VISIBLE"",""reason_code"":""NONE"",""confidence"":0.95}","{""label"":""ABSTAIN"",""reason_code"":""INSUFFICIENT_CONTEXT"",""confidence"":0.9}"
MA-02,Done,Arms hidden; intention unclear.,Are they clearly hugging each other?,Are they clearly not hugging each other?,Capture clear hugging posture with arms around each other,/Users/neiltripathi/Documents/Paper with Davis/Images/IMG_0859.jpeg,/Users/neiltripathi/Documents/Paper with Davis/Images/IMG_0853.jpeg,indoor,MA-02,"{""label"":""NOT_VISIBLE"",""reason_code"":""NONE"",""confidence"":1}","{""label"":""VISIBLE"",""reason_code"":""NONE"",""confidence"":1}","{""label"":""NOT_VISIBLE"",""reason_code"":""NONE"",""confidence"":1}","{""label"":""VISIBLE"",""reason_code"":""NONE"",""confidence"":1.0}"
MA-03,Done,Motion ambiguous.,Is she clearly giving him the cup (handing it over)?,Is she clearly not giving him the cup?,Capture moment where person A is clearly extending the cup toward person B's hand,/Users/neiltripathi/Documents/Paper with Davis/Images/IMG_0864.jpeg,/Users/neiltripathi/Documents/Paper with Davis/Images/IMG_0874.jpeg,indoor,MA-03,"{""label"":""NOT_VISIBLE"",""reason_code"":""NONE"",""confidence"":0.95}","{""label"":""VISIBLE"",""reason_code"":""NONE"",""confidence"":0.95}","{""label"":""NOT_VISIBLE"",""reason_code"":""NONE"",""confidence"":0.95}","{""label"":""NOT_VISIBLE"",""reason_code"":""NONE"",""confidence"":0.9}"
MA-04,Done,Posture ambiguous.,Is she clearly helping him carry the chair?,Is she clearly not helping him carry the chair?,Capture both people visibly holding the chair together from each side,/Users/neiltripathi/Documents/Paper with Davis/Images/IMG_0877.jpeg,/Users/neiltripathi/Documents/Paper with Davis/Images/IMG_0879.jpeg,indoor,MA-04,"{""label"":""NOT_VISIBLE"",""reason_code"":""NONE"",""confidence"":1}","{""label"":""VISIBLE"",""reason_code"":""NONE"",""confidence"":1}","{""label"":""VISIBLE"",""reason_code"":""NONE"",""confidence"":1}","{""label"":""NOT_VISIBLE"",""reason_code"":""NONE"",""confidence"":0.95}"
MA-05,Done,Gaze unclear.,Is he clearly looking at her phone?,Is he clearly not looking at her phone?,Capture person B leaning in with eyes obviously aimed at the phone screen,/Users/neiltripathi/Documents/Paper with Davis/Images/IMG_0883.jpeg,/Users/neiltripathi/Documents/Paper with Davis/Images/IMG_0886.jpeg,indoor,MA-05,"{""label"":""NOT_VISIBLE"",""reason_code"":""GAZE_DIRECTION"",""confidence"":1}","{""label"":""VISIBLE"",""reason_code"":""NONE"",""confidence"":1.0}","{""label"":""VISIBLE"",""reason_code"":""NONE"",""confidence"":0.9}","{""label"":""NOT_VISIBLE"",""reason_code"":""NONE"",""confidence"":0.95}"
MA-06,Done,Gaze misaligned.,Is he clearly looking at what she is pointing to?,Is he clearly not looking at what she is pointing to?,Capture person B with head and eyes clearly aligned toward the pointed-at object,/Users/neiltripathi/Documents/Paper with Davis/Images/IMG_0888.jpeg,/Users/neiltripathi/Documents/Paper with Davis/Images/IMG_0893.jpeg,indoor,MA-06,"{""label"":""NOT_VISIBLE"",""reason_code"":""NONE"",""confidence"":1}","{""label"":""VISIBLE"",""reason_code"":""NONE"",""confidence"":1.0}","{""label"":""ABSTAIN"",""reason_code"":""OUT_OF_FRAME"",""confidence"":0.95}","{""label"":""NOT_VISIBLE"",""reason_code"":""NONE"",""confidence"":0.9}"
MA-07,Done,Card not shown.,Is the gift card value clearly visible in this photo?,Is the gift card value not visible in this photo?,show corner with money value visible,/Users/neiltripathi/Documents/Paper with Davis/Images/IMG_0280.jpeg,/Users/neiltripathi/Documents/Paper with Davis/Images/IMG_0281.jpeg,indoor,MA-07,"{""label"":""NOT_VISIBLE"",""reason_code"":""OCCLUSION"",""confidence"":0.95}","{""label"":""VISIBLE"",""reason_code"":""NONE"",""confidence"":1.0}","{""label"":""VISIBLE"",""reason_code"":""NONE"",""confidence"":1}","{""label"":""NOT_VISIBLE"",""reason_code"":""NONE"",""confidence"":1.0}"
NV-01,Done,iPad locked; no hint visible.,Is the device unlock PIN visible anywhere in this photo?,Is there no visible clue to the device unlock PIN in this photo?,place a small sticky note next to the phone with the 4-digit PIN clearly written so it is readable in the frame,/Users/neiltripathi/Documents/Paper with Davis/Images/IMG_0947.jpeg,/Users/neiltripathi/Documents/Paper with Davis/Images/IMG_0948.jpeg,indoor,NV-01,"{""label"":""NOT_VISIBLE"",""reason_code"":""NONE"",""confidence"":1}","{""label"":""VISIBLE"",""reason_code"":""NONE"",""confidence"":0.95}","{""label"":""VISIBLE"",""reason_code"":""NONE"",""confidence"":1.0}","{""label"":""NOT_VISIBLE"",""reason_code"":""NONE"",""confidence"":1.0}"
NV-02,Done,Drive only visible.,Are the files on the drive visible anywhere in this photo (screen/label/list)?,Are the drive contents not visible anywhere in this photo?,show nearby screen with file list,/Users/neiltripathi/Documents/Paper with Davis/Images/IMG_0278.jpeg,/Users/neiltripathi/Documents/Paper with Davis/Images/IMG_0279.jpeg,indoor,NV-02,"{""label"":""NOT_VISIBLE"",""reason_code"":""NONE"",""confidence"":1.0}","{""label"":""VISIBLE"",""reason_code"":""NONE"",""confidence"":1.0}","{""label"":""NOT_VISIBLE"",""reason_code"":""NONE"",""confidence"":0.95}","{""label"":""NOT_VISIBLE"",""reason_code"":""NONE"",""confidence"":1}"
NV-03,Done,No note shown.,Is the wifi password visible anywhere in this photo (written or on a screen)?,Is the wifi password not visible anywhere in this photo?,add note with password,/Users/neiltripathi/Documents/Paper with Davis/Images/IMG_0289.jpeg,/Users/neiltripathi/Documents/Paper with Davis/Images/IMG_0290.jpeg,indoor,NV-03,"{""label"":""NOT_VISIBLE"",""reason_code"":""OUT_OF_FRAME"",""confidence"":0.95}","{""label"":""VISIBLE"",""reason_code"":""NONE"",""confidence"":1.0}","{""label"":""VISIBLE"",""reason_code"":""NONE"",""confidence"":1.0}","{""label"":""NOT_VISIBLE"",""reason_code"":""NONE"",""confidence"":1.0}"
NV-04,Done,Bottle unlabelled.,Is the drink flavour visible in this photo (label/menu/text)?,Is the drink flavour not visible in this photo?,place a visible label “Orange” on the cup,/Users/neiltripathi/Documents/Paper with Davis/Images/IMG_0439.jpeg,/Users/neiltripathi/Documents/Paper with Davis/Images/IMG_0439 (1).jpeg,indoor,NV-04,"{""label"":""NOT_VISIBLE"",""reason_code"":""OCCLUSION"",""confidence"":1}","{""label"":""VISIBLE"",""reason_code"":""NONE"",""confidence"":1.0}","{""label"":""NOT_VISIBLE"",""reason_code"":""OCCLUSION"",""confidence"":0.95}","{
""label"": ""VISIBLE"",
""reason_code"": ""NONE"",
""confidence"": 0.95
}"
NV-05,Done,Flavour not inferable.,Is the juice flavour visible in this photo (label/menu/text)?,Is the juice flavour not visible in this photo?,No flip; property itself is nonvisual.,/Users/neiltripathi/Documents/Paper with Davis/Images/IMG_0632.jpeg,/Users/neiltripathi/Documents/Paper with Davis/Images/IMG_0633.jpeg,indoor,NV-05,"{""label"":""NOT_VISIBLE"",""reason_code"":""OCCLUSION"",""confidence"":0.9}","Based on the image provided, the central subject is a bottle of GT's Kombucha. The front label, which would display the specific flavor name (e.g., ""Golden Pineapple"" or similar), is facing away from the camera. We see the nutrition facts and ingredients list on the back/side. While the ingredients list mentions ""**kiwi juice**"", the actual marketing name of the flavor is not visible on this bottle. Although a bottle to the left partially shows the text ""EACH ... RADISE"" (Peach Paradise), ""the juice"" in the context of the main subject refers to the central bottle, whose flavor identifier is occluded by the bottle's orientation. Therefore, the claim that the flavor is not visible is true.

{""label"":""VISIBLE"",""reason_code"":""NONE"",""confidence"":0.9}","{""label"":""VISIBLE"",""reason_code"":""NONE"",""confidence"":1}","{""label"":""NOT_VISIBLE"",""reason_code"":""NONE"",""confidence"":1}"
MA-08,Done,Two people seated; intent ambiguous,Is she clearly comforting her (placing a hand on her in a supportive gesture)?,Is she clearly not comforting her (no supportive gesture)?,Capture person A leaning in with arm around person B in a clear comforting embrace,/Users/neiltripathi/Documents/Paper with Davis/Images/IMG_0860.jpeg,/Users/neiltripathi/Documents/Paper with Davis/Images/IMG_0861.jpeg,indoor,MA-08,"{""label"":""NOT_VISIBLE"",""reason_code"":""NONE"",""confidence"":1.0}","{""label"":""VISIBLE"",""reason_code"":""NONE"",""confidence"":1.0}","{""label"":""VISIBLE"",""reason_code"":""NONE"",""confidence"":0.95}","{""label"":""NOT_VISIBLE"",""reason_code"":""NONE"",""confidence"":1}"
NV-07,Done,No visible indicators.,Is the outside temperature visible in this photo (display/app/sign)?,Is the outside temperature not visible anywhere in this photo?,Include a phone weather screen or digital temperature display in frame.,/Users/neiltripathi/Documents/Paper with Davis/Images/IMG_1117.JPG,/Users/neiltripathi/Documents/Paper with Davis/Images/IMG_1118.JPG,outdoor,NV-07,"{""label"":""NOT_VISIBLE"",""reason_code"":""OUT_OF_FRAME"",""confidence"":0.95}","{""label"":""VISIBLE"",""reason_code"":""NONE"",""confidence"":1.0}","{""label"":""VISIBLE"",""reason_code"":""NONE"",""confidence"":1.0}","{""label"":""NOT_VISIBLE"",""reason_code"":""NONE"",""confidence"":1.0}"
NV-08,Done,No track info visible.,Is the song title/track info visible in this photo (screen/now playing)?,Is the song title/track info not visible in this photo?,Flip by including the “Now Playing” screen (phone/Spotify/YouTube) showing the song title and artist.,/Users/neiltripathi/Documents/Paper with Davis/Images/IMG_1107.jpeg,/Users/neiltripathi/Documents/Paper with Davis/Images/IMG_1108.jpeg,indoor,NV-08,"{""label"":""NOT_VISIBLE"",""reason_code"":""NONE"",""confidence"":0.95}","{""label"":""VISIBLE"",""reason_code"":""NONE"",""confidence"":1.0}","{""label"":""VISIBLE"",""reason_code"":""NONE"",""confidence"":1.0}","{""label"":""NOT_VISIBLE"",""reason_code"":""NONE"",""confidence"":1.0}"
NV-09,Done,Resistance bands on mat with labels facing down,Is the resistance band strength label clearly readable in this photo?,Is the resistance band strength label unreadable in this photo?,Flip bands so the strength labels (Light/Medium/Heavy) are facing up and readable,/Users/neiltripathi/Documents/Paper with Davis/Images/IMG_0943.jpeg,/Users/neiltripathi/Documents/Paper with Davis/Images/IMG_0944.jpeg,indoor,NV-09,"{""label"":""NOT_VISIBLE"",""reason_code"":""OCCLUSION"",""confidence"":1}","{""label"":""VISIBLE"",""reason_code"":""NONE"",""confidence"":1}","{""label"":""VISIBLE"",""reason_code"":""NONE"",""confidence"":1.0}","{""label"":""NOT_VISIBLE"",""reason_code"":""NONE"",""confidence"":1}"
NV-10,Done,Gym locker without a lock,Is there a lock visible on the locker in this photo?,Is there no lock visible on the locker in this photo?,Add a combination lock to the locker,/Users/neiltripathi/Documents/Paper with Davis/Images/IMG_0694.jpeg,/Users/neiltripathi/Documents/Paper with Davis/Images/IMG_0693.jpeg,indoor,NV-10,"The claim in the question is that a lock is visible on the locker.

1.  **Analyze the image content:** The image shows a set of lockers. The central locker (number 275) features a recessed handle assembly. This assembly contains a black lifting lever (latch) and a hasp loop/hole designed to accept a padlock.
2.  **Contextual Clues:** A sign in the lower left corner reads ""FOR DAILY USE ONLY. Locks left overnight will be clipped..."". This text strongly implies that the ""lock"" refers to a user-supplied padlock (since built-in mechanisms cannot be ""clipped"" with bolt cutters).
3.  **Verify presence of the object:** There is no padlock hanging on the hasp. The round hole in the mechanism appears to be a blank or plug rather than a key cylinder, and no key is present.
4.  **Conclusion:** While the *latching mechanism* is visible, the *lock* (padlock or keyed cylinder) is absent. Therefore, the claim that a lock is visible is false.

{""label"":""NOT_VISIBLE"",""reason_code"":""NONE"",""confidence"":0.95}","{""label"":""VISIBLE"",""reason_code"":""NONE"",""confidence"":1}","{""label"":""VISIBLE"",""reason_code"":""NONE"",""confidence"":1.0}","{""label"":""NOT_VISIBLE"",""reason_code"":""NONE"",""confidence"":1.0}"
NV-11,Done,No lock shown.,Is the locker combination visible anywhere in this photo?,Is the locker combination not visible anywhere in this photo?,tape a clear paper label next to the lock with the full combination (for example “34-18-09”) written large enough to read in the image,/Users/neiltripathi/Documents/Paper with Davis/Images/IMG_0945.jpeg,/Users/neiltripathi/Documents/Paper with Davis/Images/IMG_0946.jpeg,indoor,NV-11,"{""label"":""NOT_VISIBLE"",""reason_code"":""OCCLUSION"",""confidence"":0.9}","{""label"":""VISIBLE"",""reason_code"":""NONE"",""confidence"":1.0}","{""label"":""VISIBLE"",""reason_code"":""NONE"",""confidence"":1.0}","{""label"":""NOT_VISIBLE"",""reason_code"":""NONE"",""confidence"":1.0}"
OC-01,Done,Hidden behind items.,Is the honey bottle clearly visible in this photo?,Is the honey bottle not visible in this photo?,slide box 10 cm so bottle peeks out,/Users/neiltripathi/Documents/Paper with Davis/Images/IMG_0258.jpeg,/Users/neiltripathi/Documents/Paper with Davis/Images/IMG_0259.jpeg,indoor,OC-01,"{""label"":""NOT_VISIBLE"",""reason_code"":""OCCLUSION"",""confidence"":0.95}","{""label"":""VISIBLE"",""reason_code"":""NONE"",""confidence"":0.9}","{""label"":""NOT_VISIBLE"",""reason_code"":""OUT_OF_FRAME"",""confidence"":0.95}","The claim asks whether a ""honey bottle"" is **not visible** in the photo.

1.  **Analyze the visible items:**
    *   **Leftmost jar:** A glass mason jar with a silver lid containing a brownish-red, opaque substance (looks like apple butter, salsa, or homemade sauce, not typical translucent or crystallized honey).
    *   **Yellow squeeze bottle:** Located behind the butter tub. It is an opaque yellow plastic bottle with a red flip-top cap and a tapered ""waist."" This packaging is the universal standard for **yellow mustard** (e.g., French's or generic brands). Honey is typically sold in clear plastic bottles, bear-shaped containers, or glass jars to show the product's clarity.
    *   **Butter tub:** Labeled ""I can't believe it's not Butter!"".
    *   **Tall bottle:** Labeled ""Trader Joe's MAGNIFISAUCE"" (a burger sauce).
    *   **Small jar:** A spice jar with a black lid, partially labeled ""Grou... Papri..."" (Ground Paprika).
    *   **Rightmost jar:** Labeled ""Good & Gather Organic"" with a black lid, containing a red sauce (likely salsa or marinara).

2.  **Evaluate the claim:**
    *   There is no object that can be positively identified as a ""honey bottle."" The yellow bottle is almost certainly mustard.
    *   Since no honey bottle is visible, the statement ""the honey bottle is not visible"" is **true**.

3.  **Determine Label:**
    *   The prompt states: ""VISIBLE: the claim in the question is clearly true from pixels.""
    *   The claim ""not visible"" is true.
    *   Therefore, the correct label is **VISIBLE**.

{""label"":""VISIBLE"",""reason_code"":""NONE"",""confidence"":0.95}"
OC-02,Done,Kitchen utensil drawer with items layered,Is the kitchen knife clearly visible in this photo?,Is the kitchen knife not visible in this photo (hidden under utensils)?,Rearrange utensils so the knife is clearly visible on top,/Users/neiltripathi/Documents/Paper with Davis/Images/IMG_0275.jpeg,/Users/neiltripathi/Documents/Paper with Davis/Images/IMG_0276.jpeg,indoor,OC-02,"{""label"":""VISIBLE"",""reason_code"":""NONE"",""confidence"":1}","{""label"":""NOT_VISIBLE"",""reason_code"":""NONE"",""confidence"":1}","{""label"":""VISIBLE"",""reason_code"":""NONE"",""confidence"":0.95}","{""label"":""NOT_VISIBLE"",""reason_code"":""NONE"",""confidence"":1}"
OC-03,Done,Covered by papers.,Is the passport clearly visible in the drawer in this photo?,Is the passport not visible in the drawer in this photo?,move box to the side,/Users/neiltripathi/Documents/Paper with Davis/Images/IMG_0272.jpeg,/Users/neiltripathi/Documents/Paper with Davis/Images/IMG_0273.jpeg,indoor,OC-03,"{""label"":""NOT_VISIBLE"",""reason_code"":""OUT_OF_FRAME"",""confidence"":1}","{""label"":""VISIBLE"",""reason_code"":""NONE"",""confidence"":1}","{""label"":""NOT_VISIBLE"",""reason_code"":""OUT_OF_FRAME"",""confidence"":1.0}","{""label"":""VISIBLE"",""reason_code"":""NONE"",""confidence"":1.0}"
OC-04,Done,Bed with sheets and pillows covering items,Is the object under the covers clearly visible in this photo?,Is the object under the covers not visible in this photo?,Pull back covers to reveal the hidden object,/Users/neiltripathi/Documents/Paper with Davis/Images/IMG_0260.jpeg,/Users/neiltripathi/Documents/Paper with Davis/Images/IMG_0262.jpeg,indoor,OC-04,"{""label"":""NOT_VISIBLE"",""reason_code"":""OCCLUSION"",""confidence"":1.0}","{""label"":""VISIBLE"",""reason_code"":""NONE"",""confidence"":1.0}","{""label"":""NOT_VISIBLE"",""reason_code"":""OCCLUSION"",""confidence"":0.95}","The question asks whether ""the object under the covers"" is **not** visible. Based on the image, there is a distinct white object (appearing to be a remote control) partially tucked under the pillow but clearly visible protruding onto the patterned fitted sheet. While ""under the covers"" is imprecise (as it is under a pillow, and there is no top sheet), this visible remote is the only plausible referent for ""the object"" in the context of the bed. Since the object is visible, the claim that it is ""not visible"" is false.

{""label"":""NOT_VISIBLE"",""reason_code"":""NONE"",""confidence"":0.9}"
OC-05,Done,Closed box on table; contents unknown,Is the product inside the box clearly visible in this photo?,Is the product inside the box not visible in this photo (box closed)?,Open the box to reveal the product inside,/Users/neiltripathi/Documents/Paper with Davis/Images/IMG_0282.jpeg,/Users/neiltripathi/Documents/Paper with Davis/Images/IMG_0283.jpeg,indoor,OC-05,"{""label"":""NOT_VISIBLE"",""reason_code"":""NONE"",""confidence"":0.95}","Based on the image, the claim in the question is clearly false. The ""box"" (the drawer) is open, and the contents (papers, a black wallet, etc.) are plainly visible and legible. The parenthetical condition ""(box closed)"" contradicts the visual evidence of the open drawer. Therefore, the product inside is visible, making the claim ""not visible"" false.

{""label"":""NOT_VISIBLE"",""reason_code"":""NONE"",""confidence"":0.95}","{""label"":""ABSTAIN"",""reason_code"":""INSUFFICIENT_CONTEXT"",""confidence"":0.85}","{""label"":""NOT_VISIBLE"",""reason_code"":""NONE"",""confidence"":0.95}"
OC-06,Done,Arch partially obscured by trees or angle,Is the top of the arch clearly visible in this photo?,Is the top of the arch not visible in this photo (obscured)?,Change angle so the arch top is fully visible,/Users/neiltripathi/Documents/Paper with Davis/Images/IMG_0391.jpeg,/Users/neiltripathi/Documents/Paper with Davis/Images/IMG_0392.jpeg,outdoor,OC-06,"{""label"":""NOT_VISIBLE"",""reason_code"":""OCCLUSION"",""confidence"":0.95}","{""label"":""VISIBLE"",""reason_code"":""NONE"",""confidence"":1.0}","Based on the image provided, the photo shows a side view of a large rectangular stone structure (a pier or pylon). From this angle, the characteristic curved span of an ""arch"" is not visible; the opening is occluded by the structure itself. Without using world knowledge to identify this specific monument as the ""Washington Square Arch,"" visually confirming the object is an ""arch"" is not possible.

Furthermore, regarding the ""top"" of the visible structure (the attic and cornice): while visible, it is partially obstructed by tree branches and leaves in the foreground, particularly at the corners and along the upper edge. The inscription ""MDCCLXXXIX"" is partly framed/covered by foliage. Due to the lack of visual evidence for an ""arch"" shape and the partial obstruction of the structure's top by foliage, the ""top of the arch"" is not *clearly* visible.

{""label"":""NOT_VISIBLE"",""reason_code"":""OCCLUSION"",""confidence"":0.9}","{""label"":""NOT_VISIBLE"",""reason_code"":""NONE"",""confidence"":0.9}"
OC-07,Done,Closed backpack on park bench,Is the content inside the backpack visible in this photo?,Is the content inside the backpack not visible (bag closed)?,Open the backpack to show its contents,/Users/neiltripathi/Documents/Paper with Davis/Images/IMG_0414.jpeg,/Users/neiltripathi/Documents/Paper with Davis/Images/IMG_0415.jpeg,outdoor,OC-07,"{""label"":""NOT_VISIBLE"",""reason_code"":""OCCLUSION"",""confidence"":1.0}","{""label"":""VISIBLE"",""reason_code"":""NONE"",""confidence"":1.0}","{""label"":""NOT_VISIBLE"",""reason_code"":""OCCLUSION"",""confidence"":1.0}","{""label"":""VISIBLE"",""reason_code"":""NONE"",""confidence"":1.0}"
OC-08,Done,Couch with cushions; device hidden between cushions,Is the remote clearly visible in this photo?,Is the remote not visible in this photo (hidden in cushions)?,Move cushion to reveal the remote/device,/Users/neiltripathi/Documents/Paper with Davis/Images/IMG_0433.jpeg,/Users/neiltripathi/Documents/Paper with Davis/Images/IMG_0434.jpeg,indoor,OC-08,"{""label"":""NOT_VISIBLE"",""reason_code"":""OUT_OF_FRAME"",""confidence"":1}","Based on the image provided, there is no remote control visible. The sofa cushions are clear, the chair is empty, and the floor and visible trash can do not contain a remote.

The question asks: ""Is the remote **not visible** in this photo...?""
Since the remote is indeed not visible, the claim in the question is **true**.

According to the instructions:
*   **VISIBLE**: the claim in the question is clearly true from pixels.

Therefore, the correct label is VISIBLE (signifying the claim is true).

```json
{""label"":""VISIBLE"",""reason_code"":""NONE"",""confidence"":1.0}
```","{""label"":""NOT_VISIBLE"",""reason_code"":""OUT_OF_FRAME"",""confidence"":0.95}","The image shows a grey two-seater sofa with a black rectangular object resting on the left seat cushion. This object has a grille on the front and control buttons on top (including a Bluetooth symbol and volume controls), identifying it as a portable speaker (specifically an Anker SoundCore model), not a remote control. There are no other objects on the sofa resembling a remote control, nor are there any visible on the floor or the wooden chair in the foreground.

The question asks if the remote is **not visible** (implied to be missing or hidden). Since there is no remote control visible in the photo, the claim ""the remote is not visible"" is a true statement based on the pixels provided.

According to the instructions, if the claim in the question is clearly true, the label should be **VISIBLE**.

{""label"":""VISIBLE"",""reason_code"":""NONE"",""confidence"":0.95}"
OC-09,Done,Electronics display behind glass in store,Is the product on the shelf clearly visible through the glass?,Is the product on the shelf not visible in this photo (glass reflects)?,Move closer so the products behind glass are clearly visible,/Users/neiltripathi/Documents/Paper with Davis/Images/IMG_0627.jpeg,/Users/neiltripathi/Documents/Paper with Davis/Images/IMG_0628.jpeg,indoor,OC-09,"{""label"":""NOT_VISIBLE"",""reason_code"":""LIGHTING_DISTANCE"",""confidence"":0.95}","{""label"":""NOT_VISIBLE"",""reason_code"":""NONE"",""confidence"":1.0}","{""label"":""VISIBLE"",""reason_code"":""NONE"",""confidence"":1}","{""label"":""NOT_VISIBLE"",""reason_code"":""NONE"",""confidence"":1.0}"
OC-10,Done,Refrigerator with items partially occluded by bag,Is the almond milk container clearly visible in this photo?,Is the almond milk container not visible in this photo (hidden behind items)?,Move the obstructing items so the almond milk is visible,/Users/neiltripathi/Documents/Paper with Davis/Images/IMG_0929.jpeg,/Users/neiltripathi/Documents/Paper with Davis/Images/IMG_0930.jpeg,indoor,OC-10,"{""label"":""NOT_VISIBLE"",""reason_code"":""OUT_OF_FRAME"",""confidence"":0.95}","Based on the image provided, there is no almond milk container (such as a carton or jug) visible on the shelves. The visible items include a tub of yogurt or sour cream, a carton of eggs, a pitcher of yellow liquid, a cheesecake, a bag of chicken/meat, cheese slices, and various leftover containers. A large red bag occludes a significant portion of the top shelf. Since the almond milk container cannot be seen, the claim that it is ""not visible"" is true.

{""label"":""VISIBLE"",""reason_code"":""NONE"",""confidence"":0.95}","{""label"":""VISIBLE"",""reason_code"":""NONE"",""confidence"":1.0}","{""label"":""NOT_VISIBLE"",""reason_code"":""NONE"",""confidence"":1.0}"
OC-11,Done,Poster taped across plaque.,Is the room number clearly visible in this photo?,Is the room number not visible in this photo?,open the box to show object,/Users/neiltripathi/Documents/Paper with Davis/Images/IMG_0268.jpeg,/Users/neiltripathi/Documents/Paper with Davis/Images/IMG_0269.jpeg,indoor,OC-11,"{""label"":""NOT_VISIBLE"",""reason_code"":""OUT_OF_FRAME"",""confidence"":1.0}","{""label"":""VISIBLE"",""reason_code"":""NONE"",""confidence"":1}","{""label"":""NOT_VISIBLE"",""reason_code"":""OUT_OF_FRAME"",""confidence"":1.0}","{""label"":""VISIBLE"",""reason_code"":""NONE"",""confidence"":1.0}"
OC-12,Done,Bathroom medicine cabinet closed,Is the toothbrush clearly visible in this photo?,Is the toothbrush not visible in this photo (cabinet closed)?,Open the medicine cabinet to reveal the toothbrush,/Users/neiltripathi/Documents/Paper with Davis/Images/IMG_0665.jpeg,/Users/neiltripathi/Documents/Paper with Davis/Images/IMG_0666.jpeg,indoor,OC-12,"{""label"":""NOT_VISIBLE"",""reason_code"":""OUT_OF_FRAME"",""confidence"":1}","The claim in the question is ""the toothbrush is not visible"". 
Looking at the image:
1.  There is a tube of Sensodyne toothpaste on the sink.
2.  There is another tube lying behind it.
3.  There is a soap dispenser on the right.
4.  There is a faucet in the middle.
5.  There is a hanging cloth/towel reflected in the mirror.
6.  There is a toilet brush handle (black) visible in the bottom right corner, which is distinct from a toothbrush.
7.  The cabinet is closed.
No toothbrush is visible in the scene.

Since the toothbrush is indeed not visible, the claim ""Is the toothbrush not visible"" is **true**.
According to the instructions, if the claim is clearly true from the pixels, the label is **VISIBLE**.

{""label"":""VISIBLE"",""reason_code"":""NONE"",""confidence"":1.0}","{""label"":""VISIBLE"",""reason_code"":""NONE"",""confidence"":1}","{""label"":""NOT_VISIBLE"",""reason_code"":""NONE"",""confidence"":1.0}"
OC-13,Done,Bag blocking microwave.,Is the food container clearly visible in the closet in this photo?,Is the food container not visible in the closet in this photo?,lift poster edge to reveal number,/Users/neiltripathi/Documents/Paper with Davis/Images/IMG_0670.jpeg,/Users/neiltripathi/Documents/Paper with Davis/Images/IMG_0669.jpeg,indoor,OC-13,"{""label"":""NOT_VISIBLE"",""reason_code"":""NONE"",""confidence"":1}","{""label"":""VISIBLE"",""reason_code"":""NONE"",""confidence"":1.0}","{""label"":""NOT_VISIBLE"",""reason_code"":""OUT_OF_FRAME"",""confidence"":1}","{
""label"": ""VISIBLE"",
""reason_code"": ""NONE"",
""confidence"": 1.0
}"
OC-14,Done,Kitchen counter with items blocking view of appliance,Is the microwave clearly visible in this photo?,Is the microwave not visible in this photo (blocked by items)?,Move the obstructing items to reveal the microwave,/Users/neiltripathi/Documents/Paper with Davis/Images/IMG_1101.jpeg,/Users/neiltripathi/Documents/Paper with Davis/Images/IMG_1102.jpeg,indoor,OC-14,"{""label"":""NOT_VISIBLE"",""reason_code"":""OUT_OF_FRAME"",""confidence"":0.9}","The question asks whether the microwave is *not* visible (specifically, blocked by items).

1.  **Identify the microwave**: On the countertop, to the right of the white stove (indicated by the ""OFF/Lo/Hi"" knobs), there is a large black rectangular appliance. Given the kitchen context, its size, shape, and position, this object is visually identifiable as a microwave oven.
2.  **Assess visibility**: The microwave is clearly visible. While the front face is in shadow and dark, the top surface and general form are distinct.
3.  **Assess blocking**: There are two clear plastic deli containers and a jar sitting *on top* of the microwave. While they sit on it, they do not ""block"" the microwave from view; the appliance itself is plainly visible beneath them.
4.  **Evaluate the claim**: The claim ""the microwave is not visible"" is false because the microwave *is* visible.

Since the claim ""the microwave is not visible"" is clearly false (because the opposite is true: it is visible), the correct label is **NOT_VISIBLE** (meaning the claim is false), with a reason code of **NONE** (as per instructions for when the claim is false because the object is visible).

{""label"":""NOT_VISIBLE"",""reason_code"":""NONE"",""confidence"":0.9}","{""label"":""NOT_VISIBLE"",""reason_code"":""OUT_OF_FRAME"",""confidence"":0.95}","Based on the image provided, there is no clearly identifiable microwave visible. The black surface on the right appears to be a countertop or the top of an unidentified appliance, but it lacks distinguishing features of a microwave (such as a keypad, door handle, or window screen) to confirm it as such. The white appliance on the left has a knob with ""OFF/Lo/Hi"" markings, which is characteristic of a washing machine or stove, not a microwave. Therefore, the claim that the microwave is not visible is true.

{""label"":""VISIBLE"",""reason_code"":""NONE"",""confidence"":0.9}"
OC-15,Done,Drawer cluttered; item hidden.,Is the laptop clearly visible inside the bag in this photo (bag open enough to see it)?,Is the laptop not visible inside the bag in this photo?,move bag ,/Users/neiltripathi/Documents/Paper with Davis/Images/IMG_0678.jpeg,/Users/neiltripathi/Documents/Paper with Davis/Images/IMG_0679.jpeg,indoor,OC-15,"{""label"":""NOT_VISIBLE"",""reason_code"":""OCCLUSION"",""confidence"":1.0}","{""label"":""VISIBLE"",""reason_code"":""NONE"",""confidence"":1.0}","{""label"":""NOT_VISIBLE"",""reason_code"":""OCCLUSION"",""confidence"":0.9}","Based on the image provided, the claim in the question is ""the laptop is not visible inside the bag"".

1.  **Analyze the bag**: The image shows a brown paper grocery bag from ""Wegmans"" on the left side of the counter. The bag is opaque.
2.  **Analyze visibility**: While the top of the bag is open, the camera angle does not allow a view deep into the interior, and the opaque paper walls occlude the contents. No object resembling a laptop is protruding from the bag.
3.  **Evaluate the claim**: Since the interior is occluded and no laptop can be seen, the statement ""the laptop is not visible"" is visually **true**. A laptop is indeed not visible.
4.  **Select Label**: According to the instructions, if the claim in the question is clearly true from pixels, the label is **VISIBLE**.

Therefore, the claim that the laptop is not visible is correct.

{""label"":""VISIBLE"",""reason_code"":""NONE"",""confidence"":1.0}"
OC-16,Done,Zipped bag.,Is the resistance band clearly visible in this photo?,Is the resistance band not visible in this photo?,move coat away,/Users/neiltripathi/Documents/Paper with Davis/Images/IMG_0680.jpeg,/Users/neiltripathi/Documents/Paper with Davis/Images/IMG_0681.jpeg,indoor,OC-16,"{""label"":""NOT_VISIBLE"",""reason_code"":""OUT_OF_FRAME"",""confidence"":0.95}","{""label"":""VISIBLE"",""reason_code"":""NONE"",""confidence"":0.95}","{""label"":""NOT_VISIBLE"",""reason_code"":""OUT_OF_FRAME"",""confidence"":0.95}","{""label"":""VISIBLE"",""reason_code"":""NONE"",""confidence"":0.95}"
OC-17,Done,Shelf with keyboard and bag covering items underneath,Is the item under the keyboard clearly visible in this photo?,Is the item under the keyboard not visible in this photo (occluded)?,Move the keyboard to reveal what is underneath,/Users/neiltripathi/Documents/Paper with Davis/Images/IMG_0939.jpeg,/Users/neiltripathi/Documents/Paper with Davis/Images/IMG_0940.jpeg,indoor,OC-17,"{""label"":""VISIBLE"",""reason_code"":""NONE"",""confidence"":0.95}","{""label"":""NOT_VISIBLE"",""reason_code"":""NONE"",""confidence"":0.95}","{""label"":""ABSTAIN"",""reason_code"":""INSUFFICIENT_CONTEXT"",""confidence"":0.9}","The question makes the claim that ""the item under the keyboard is not visible (occluded).""

1.  **Identify the subject:** ""The item under the keyboard"". The keyboard is resting on top of an open drawer. Inside the drawer, directly underneath the keyboard's position, there are clearly visible objects: a red patterned bag (Target brand) and tangled black cables. There is also a black plastic component.
2.  **Evaluate the predicate:** ""is not visible (occluded)"".
3.  **Visual Confirmation:** The items located under the keyboard (the red bag, cables, etc.) are plainly visible in the photo. They are not fully occluded; they are the primary subject of the drawer's contents.
4.  **Conclusion:** The claim that the item is ""not visible"" is false because the item *is* visible.
5.  **Label Selection:** Since the claim in the question (""...is not visible"") is false based on the pixels, the correct label is **NOT_VISIBLE**.
6.  **Reason Code:** The claim is false because the opposite is clearly true (the item is visible). Therefore, the reason code is **NONE**.

{""label"":""NOT_VISIBLE"",""reason_code"":""NONE"",""confidence"":1.0}"
OC-18,Done,Closed backpack at outdoor table,Is the laptop inside the bag clearly visible in this photo?,Is the laptop inside the bag not visible (bag closed)?,Open the backpack to show the laptop inside,/Users/neiltripathi/Documents/Paper with Davis/Images/IMG_0284.jpeg,/Users/neiltripathi/Documents/Paper with Davis/Images/IMG_0285.jpeg,indoor,OC-18,"{""label"":""NOT_VISIBLE"",""reason_code"":""OCCLUSION"",""confidence"":1.0}","The claim in the question is that the laptop inside the bag is **not visible** (with the condition that the bag is closed). Based on the visual evidence:
1.  The image shows a black backpack (Osprey Nebula) sitting on the floor.
2.  The zippers on the main compartments appear to be closed.
3.  The opaque fabric of the backpack occludes the interior completely.
4.  No laptop is visible protruding from or sitting outside the bag.

Therefore, the statement ""the laptop inside the bag is not visible"" is a true description of the image state. Following the instruction that `VISIBLE` means ""the claim in the question is clearly true from pixels"":

{""label"":""VISIBLE"",""reason_code"":""NONE"",""confidence"":1.0}","{""label"":""VISIBLE"",""reason_code"":""NONE"",""confidence"":0.95}","{""label"":""NOT_VISIBLE"",""reason_code"":""NONE"",""confidence"":1}"
OC-19,Done,Board off to the side.,Are the keys clearly visible on the table in this photo?,Are the keys not visible on the table in this photo?,move the shaker bottle a few centimeters,/Users/neiltripathi/Documents/Paper with Davis/Images/IMG_0941.jpeg,/Users/neiltripathi/Documents/Paper with Davis/Images/IMG_0942.jpeg,outdoor,OC-19,"{""label"":""NOT_VISIBLE"",""reason_code"":""OUT_OF_FRAME"",""confidence"":1.0}","{""label"":""VISIBLE"",""reason_code"":""NONE"",""confidence"":1.0}","{""label"":""NOT_VISIBLE"",""reason_code"":""OUT_OF_FRAME"",""confidence"":1}","{""label"":""VISIBLE"",""reason_code"":""NONE"",""confidence"":1}"
OC-20,Done,Closet with clothes hanging; items may be hidden behind clothing,Is the item behind the clothes clearly visible in this photo?,Is the item behind the clothes not visible (hidden by clothing)?,Move clothes aside to reveal the hidden item,/Users/neiltripathi/Documents/Paper with Davis/Images/IMG_1130.jpeg,/Users/neiltripathi/Documents/Paper with Davis/Images/IMG_1131.jpeg,indoor,OC-20,"{""label"":""NOT_VISIBLE"",""reason_code"":""OCCLUSION"",""confidence"":0.9}","Based on the image provided, the main object (the New York University student ID card and lanyard) is clearly lying on the wooden surface and is not hidden by any clothing. While there is a blurry white object (possibly bedding or clothing) to the left and a black object in the foreground, neither occludes the ID card. Thus, the item is visible, making the claim that it is ""not visible (hidden by clothing)"" false.

{""label"":""NOT_VISIBLE"",""reason_code"":""NONE"",""confidence"":0.95}","{""label"":""NOT_VISIBLE"",""reason_code"":""OCCLUSION"",""confidence"":0.9}","The question asks whether ""the item behind the clothes"" is not visible (hidden). The image shows a set of keys, a lanyard with ""NEW YORK UNIVERSITY"" text, and an ID card holder on a wooden surface (likely a desk or shelf). There is also a black belt in the foreground and white bedding (pillow or sheets) on the left.

Interpreting ""the item"" as the main subject of the image (the keys, lanyard, and ID card):
1.  These items are clearly lying on top of the wooden surface, not behind any clothes.
2.  While the white bedding on the left is textile, the items are not behind it; they are beside it.
3.  The black belt is an article of clothing/accessory, but it is in the foreground and does not hide the keys or ID card.
4.  The items are plainly visible, readable, and identifiable.

Therefore, the claim that the item is ""not visible (hidden by clothing)"" is clearly false because the item is visible.

{""label"":""NOT_VISIBLE"",""reason_code"":""NONE"",""confidence"":0.95}"
OF-01,Done,Storefront window with items inside,Is the menu sign clearly visible in this photo?,Is the menu sign not visible in this photo (out of frame)?,Widen angle to include the delivery menu sign in frame,/Users/neiltripathi/Documents/Paper with Davis/Images/IMG_0616.jpeg,/Users/neiltripathi/Documents/Paper with Davis/Images/IMG_0617.jpeg,outdoor,OF-01,"{""label"":""NOT_VISIBLE"",""reason_code"":""OUT_OF_FRAME"",""confidence"":0.9}","Based on the image provided, there are objects that could potentially be menu signs, such as the paper posted inside the window or the teal A-frame board on the far right. However, the text on the paper is illegible, and the teal board is largely cropped out and shows a promotional graphic (""100%"" and a cartoon character) rather than a clear list of menu items. Therefore, no object can be definitively identified as a ""menu sign"" based solely on the visual evidence (pixels). Since a menu sign is not clearly visible or identifiable, the claim that the menu sign is not visible is true.

{""label"":""VISIBLE"",""reason_code"":""NONE"",""confidence"":0.9}","{""label"":""VISIBLE"",""reason_code"":""NONE"",""confidence"":1.0}","{""label"":""NOT_VISIBLE"",""reason_code"":""NONE"",""confidence"":1.0}"
OF-02,Done,Subway entrance; narrow framing,Is the OMNY reader clearly visible in this photo?,Is the OMNY reader not visible in this photo (out of frame)?,Widen angle to include the OMNY tap reader in frame,/Users/neiltripathi/Documents/Paper with Davis/Images/IMG_0620.jpeg,/Users/neiltripathi/Documents/Paper with Davis/Images/IMG_0621.jpeg,indoor,OF-02,"{""label"":""NOT_VISIBLE"",""reason_code"":""OCCLUSION"",""confidence"":0.95}","{""label"":""VISIBLE"",""reason_code"":""NONE"",""confidence"":0.95}","{""label"":""VISIBLE"",""reason_code"":""NONE"",""confidence"":1}","{""label"":""NOT_VISIBLE"",""reason_code"":""NONE"",""confidence"":1.0}"
OF-03,Done,Parked car on street; narrow framing,Is the bike clearly visible in this photo?,Is the bike not visible in this photo (out of frame)?,Widen angle to include the Citi Bike behind the car,/Users/neiltripathi/Documents/Paper with Davis/Images/IMG_0389.jpeg,/Users/neiltripathi/Documents/Paper with Davis/Images/IMG_0390.jpeg,outdoor,OF-03,"{""label"":""NOT_VISIBLE"",""reason_code"":""OUT_OF_FRAME"",""confidence"":1.0}","{""label"":""VISIBLE"",""reason_code"":""NONE"",""confidence"":0.95}","{""label"":""VISIBLE"",""reason_code"":""NONE"",""confidence"":0.9}","{""label"":""NOT_VISIBLE"",""reason_code"":""NONE"",""confidence"":1}"
OF-04,Done,Cluttered desk with various items,Is the desk periphery clearly visible in this photo?,Are the items at the edge of the desk not visible (out of frame)?,Widen angle to show items at the edge of the desk,/Users/neiltripathi/Documents/Paper with Davis/Images/IMG_0265.jpeg,/Users/neiltripathi/Documents/Paper with Davis/Images/IMG_0266.jpeg,indoor,OF-04,"{""label"":""NOT_VISIBLE"",""reason_code"":""OUT_OF_FRAME"",""confidence"":0.95}","{""label"":""NOT_VISIBLE"",""reason_code"":""NONE"",""confidence"":0.95}","{""label"":""NOT_VISIBLE"",""reason_code"":""OUT_OF_FRAME"",""confidence"":1}","{""label"":""NOT_VISIBLE"",""reason_code"":""NONE"",""confidence"":1}"
OF-05,Done,Desk with laptop and shelf; narrow framing,Is the mug clearly visible in this photo?,Is the mug not visible in this photo (out of frame)?,Widen angle to include the mug at the edge of the desk,/Users/neiltripathi/Documents/Paper with Davis/Images/IMG_0263.jpeg,/Users/neiltripathi/Documents/Paper with Davis/Images/IMG_0264.jpeg,indoor,OF-05,"{""label"":""NOT_VISIBLE"",""reason_code"":""OUT_OF_FRAME"",""confidence"":0.95}","Based on the image provided:
1.  There is a computer monitor on the left displaying a spreadsheet with text (including the words ""mug visible"").
2.  There is a roll of paper towels in the center.
3.  There is a black insulated water bottle (flask style with a carry loop and screw cap) on the right.
4.  There is a keyboard, mouse, mousepad, and headphones on the desk.
5.  There are items on the shelf (bag, cologne bottle, supplement pouch), but no mug.

The object on the right is a water bottle, not typically classified as a mug (which usually implies a handle and/or open top for hot beverages). The text on the screen is text, not the physical object. There is no physical mug visible in the frame.

The question asks: ""Is the mug not visible in this photo (out of frame)?""
The claim within the question is: ""The mug is not visible.""
Since there is no mug in the photo, the claim ""The mug is not visible"" is **true**.

According to the instructions, if the claim is true from the pixels, the label is `VISIBLE`.

{""label"":""VISIBLE"",""reason_code"":""NONE"",""confidence"":0.95}","{""label"":""VISIBLE"",""reason_code"":""NONE"",""confidence"":0.95}","{""label"":""NOT_VISIBLE"",""reason_code"":""NONE"",""confidence"":1.0}"
OF-06,Done,Outdoor park scene; narrow framing,Is the park bench with people clearly visible in this photo?,Is the park bench not visible in this photo (out of frame)?,Widen angle to include the park bench and people,/Users/neiltripathi/Documents/Paper with Davis/Images/IMG_0403.jpeg,/Users/neiltripathi/Documents/Paper with Davis/Images/IMG_0404.jpeg,outdoor,OF-06,"{""label"":""VISIBLE"",""reason_code"":""NONE"",""confidence"":0.95}","{""label"":""NOT_VISIBLE"",""reason_code"":""NONE"",""confidence"":1}","{""label"":""VISIBLE"",""reason_code"":""NONE"",""confidence"":0.9}","{""label"":""NOT_VISIBLE"",""reason_code"":""NONE"",""confidence"":1.0}"
OF-07,Done,Room with QR code sign; printer out of frame,Is the printer clearly visible in this photo?,Is the printer not visible in this photo (out of frame)?,Widen angle to include the printer on the shelf above,/Users/neiltripathi/Documents/Paper with Davis/Images/IMG_0437.jpeg,/Users/neiltripathi/Documents/Paper with Davis/Images/IMG_0438.jpeg,indoor,OF-07,"{""label"":""NOT_VISIBLE"",""reason_code"":""OUT_OF_FRAME"",""confidence"":1.0}","{""label"":""VISIBLE"",""reason_code"":""NONE"",""confidence"":1.0}","{""label"":""VISIBLE"",""reason_code"":""NONE"",""confidence"":1.0}","{""label"":""NOT_VISIBLE"",""reason_code"":""NONE"",""confidence"":1}"
OF-08,Done,Room with pool cues and bookshelf; billiard ball partially hidden,Is the billiard ball clearly visible in this photo?,Is the billiard ball not clearly visible in this photo?,Adjust angle so the billiard ball on the shelf is clearly visible,/Users/neiltripathi/Documents/Paper with Davis/Images/IMG_0445.jpeg,/Users/neiltripathi/Documents/Paper with Davis/Images/IMG_0446.jpeg,indoor,OF-08,"{""label"":""VISIBLE"",""reason_code"":""NONE"",""confidence"":1.0}","{""label"":""NOT_VISIBLE"",""reason_code"":""NONE"",""confidence"":1.0}","{""label"":""VISIBLE"",""reason_code"":""NONE"",""confidence"":1.0}","{""label"":""NOT_VISIBLE"",""reason_code"":""NONE"",""confidence"":1.0}"
OF-09,Done,Wall with NYU posters; water fountain out of frame,Is the water fountain clearly visible in this photo?,Is the water fountain not visible in this photo (out of frame)?,Widen angle to include the Elkay water bottle filling station,/Users/neiltripathi/Documents/Paper with Davis/Images/IMG_1135.jpeg,/Users/neiltripathi/Documents/Paper with Davis/Images/IMG_1136.jpeg,indoor,OF-09,"{""label"":""NOT_VISIBLE"",""reason_code"":""OUT_OF_FRAME"",""confidence"":0.95}","The question asks whether a ""water fountain"" is **not visible** (out of frame). We must treat this as a true/false claim.

1.  **Analyze the image:** The image shows a wooden dresser with several items on it: a Lian Li computer case with lighted fans, a clear plastic water filter pitcher (e.g., Brita or ZeroWater) with a white lid, a white woven basket, a small jar of Vaseline, and an orange bag of snacks. To the right is a white door.
2.  **Identify the object:** The item most related to water is the **water pitcher**. A ""water fountain"" typically refers to a plumbed drinking device or a decorative feature with flowing water. A pitcher is a static container for pouring. The two terms denote different objects.
3.  **Evaluate the claim:** The claim is ""the water fountain is not visible"". Since there is no water fountain in the photo (only a water pitcher), the statement that the water fountain is not visible is **true**.
4.  **Select the label:** Since the claim in the question is clearly true based on the pixels (the object described is indeed absent), the correct label is **VISIBLE**. (Note: In this format, `VISIBLE` means ""The claim holds true"", while `NOT_VISIBLE` means ""The claim is false"").

{""label"":""VISIBLE"",""reason_code"":""NONE"",""confidence"":1.0}","{""label"":""NOT_VISIBLE"",""reason_code"":""OUT_OF_FRAME"",""confidence"":0.99}","Based on the visual evidence in the photo:

1.  **Image Content**: The photo shows a wooden dresser with a black computer case (Lian Li with blue LED fans), a clear plastic water filter pitcher (likely ZeroWater brand), a white woven basket, a bag of snacks, a small tub of Vaseline, and a black water bottle.
2.  **Object Analysis**: The term ""water fountain"" typically refers to a drinking fountain (plumbed device), a decorative fountain, or a pet water fountain.
    *   The water pitcher is a dispenser, but distinct from a ""fountain"".
    *   No standard water fountain is visible in the scene.
3.  **Claim Verification**: The question asks if the water fountain is ""not visible (out of frame)"".
    *   Since no water fountain is present in the image, the object is indeed not visible.
    *   In the context of object visibility tasks, when the target object is not present, the appropriate classification is `NOT_VISIBLE` with the reason being that it is `OUT_OF_FRAME`.

The water fountain is not visible.

{""label"":""NOT_VISIBLE"",""reason_code"":""OUT_OF_FRAME"",""confidence"":0.95}"
OF-10,Done,PC and dresser; narrow framing,Is the PC case clearly visible in this photo?,Is the PC case not visible in this photo (out of frame)?,Adjust framing to clearly show the PC case with RGB fans,/Users/neiltripathi/Documents/Paper with Davis/Images/IMG_0440.jpeg,/Users/neiltripathi/Documents/Paper with Davis/Images/IMG_0441.jpeg,indoor,OF-10,"{""label"":""NOT_VISIBLE"",""reason_code"":""OUT_OF_FRAME"",""confidence"":0.99}","Based on the image provided:

1.  **Analyze the image content**: The image shows a rolling utility cart containing books (e.g., ""Essential Chemistry"", ""The Bones"", ""Kingsolver""), magazines (National Geographic), a pool ball rack (triangle), two billiard balls, and a notebook. Beside it are pool cues and a reusable shopping bag.
2.  **Search for the object**: I have scanned the cart, the floor, the wall, and the surrounding area visible in the frame. There is no personal computer (PC) case or tower visible anywhere in the photo.
3.  **Evaluate the question's claim**: The question asks, ""Is the PC case not visible in this photo (out of frame)?""
    *   Since there is no PC case in the photo, the statement ""the PC case is not visible"" is **true**.
4.  **Select Label**: According to the instructions, `VISIBLE` means ""the claim in the question is clearly true from pixels."" Since the claim (that the case is not visible) is true, the correct label is `VISIBLE`.

{""label"":""VISIBLE"",""reason_code"":""NONE"",""confidence"":1.0}","{""label"":""NOT_VISIBLE"",""reason_code"":""OUT_OF_FRAME"",""confidence"":1.0}","{""label"":""VISIBLE"",""reason_code"":""NONE"",""confidence"":1.0}"
OF-12,Done,Overhead view of bookshelf cart; pool cues partially in frame,Is the pool cue clearly visible in this photo?,Is the pool cue not clearly visible in this photo?,Widen angle to more clearly show the pool cues,/Users/neiltripathi/Documents/Paper with Davis/Images/IMG_0951.jpeg,/Users/neiltripathi/Documents/Paper with Davis/Images/IMG_0953.jpeg,indoor,OF-12,"{""label"":""NOT_VISIBLE"",""reason_code"":""OUT_OF_FRAME"",""confidence"":1.0}","{""label"":""VISIBLE"",""reason_code"":""NONE"",""confidence"":1.0}","{""label"":""NOT_VISIBLE"",""reason_code"":""OUT_OF_FRAME"",""confidence"":1.0}","{""label"":""VISIBLE"",""reason_code"":""NONE"",""confidence"":1}"
OF-13,Done,Laundry basket out of frame.,Is the laundry basket visible in this photo?,Is the laundry basket not visible in this photo?,reframe to include it,/Users/neiltripathi/Documents/Paper with Davis/Images/IMG_0673.jpeg,/Users/neiltripathi/Documents/Paper with Davis/Images/IMG_0674.jpeg,indoor,OF-13,"{""label"":""NOT_VISIBLE"",""reason_code"":""OUT_OF_FRAME"",""confidence"":1}","{""label"":""VISIBLE"",""reason_code"":""NONE"",""confidence"":1.0}","{""label"":""VISIBLE"",""reason_code"":""NONE"",""confidence"":1.0}","{""label"":""NOT_VISIBLE"",""reason_code"":""NONE"",""confidence"":1.0}"
OF-14,Done,Microwave behind camera.,Is the bin visible in this photo?,Is the bin not visible in this photo?,Widen angle to include the bin in the frame,/Users/neiltripathi/Documents/Paper with Davis/Images/IMG_0663.jpeg,/Users/neiltripathi/Documents/Paper with Davis/Images/IMG_0664.jpeg,indoor,OF-14,"{""label"":""NOT_VISIBLE"",""reason_code"":""OUT_OF_FRAME"",""confidence"":1}","Based on the image provided, there is no bin visible. The image shows a window covered by closed horizontal blinds, with a white window frame and a small piece of paper in the bottom right corner.

The question asks: ""Is the bin not visible in this photo?""
This is a true/false claim: ""The bin is not visible.""
Since the bin is indeed not visible in the photo, the claim is **true**.

According to the instructions, if the claim in the question is clearly true from the pixels, the label should be **VISIBLE**.

{""label"":""VISIBLE"",""reason_code"":""NONE"",""confidence"":1.0}","{""label"":""NOT_VISIBLE"",""reason_code"":""OUT_OF_FRAME"",""confidence"":1.0}","{""label"":""VISIBLE"",""reason_code"":""NONE"",""confidence"":1}"
OF-15,Done,Poster visible but no bin.,Is the microwave visible in this photo?,Is the microwave not visible in this photo?,pan left to include chute door,/Users/neiltripathi/Documents/Paper with Davis/Images/IMG_0667.jpeg,/Users/neiltripathi/Documents/Paper with Davis/Images/IMG_0668.jpeg,indoor,OF-15,"{""label"":""NOT_VISIBLE"",""reason_code"":""OUT_OF_FRAME"",""confidence"":1}","{""label"":""VISIBLE"",""reason_code"":""NONE"",""confidence"":1.0}","{""label"":""NOT_VISIBLE"",""reason_code"":""OUT_OF_FRAME"",""confidence"":1}","{""label"":""VISIBLE"",""reason_code"":""NONE"",""confidence"":1.0}"
OF-16,Done,Kitchen counter; some appliances out of frame,Is the microwave clearly visible in this photo?,Is the microwave not visible in this photo (out of frame)?,Widen angle to include the microwave on the counter,/Users/neiltripathi/Documents/Paper with Davis/Images/IMG_0949.jpeg,/Users/neiltripathi/Documents/Paper with Davis/Images/IMG_0950.jpeg,indoor,OF-16,"{""label"":""NOT_VISIBLE"",""reason_code"":""OUT_OF_FRAME"",""confidence"":1}","{""label"":""VISIBLE"",""reason_code"":""NONE"",""confidence"":1.0}","{""label"":""VISIBLE"",""reason_code"":""NONE"",""confidence"":1}","{""label"":""NOT_VISIBLE"",""reason_code"":""NONE"",""confidence"":1.0}"
