ID,Status,base_setup,base_question,flip_question,flip_change,pic_base,pic_flip,indoor_outdoor,id,internvl3-8b_I0q0_json,internvl3-8b_I0q1_json,internvl3-8b_I1q0_json,internvl3-8b_I1q1_json
AV-01,Done,"Far facade, unaided view.",Is the building number clearly readable in this photo?,"Is the building number unreadable in this photo (too small, blurred, or too far)?",zoom in,./Images/IMG_0296.jpeg,./Images/IMG_0297.jpeg,outdoor,AV-01,"{""label"":""NOT_VISIBLE"",""reason_code"":""INHERENTLY_NONVISUAL"",""confidence"":0.95}","{""label"":""NOT_VISIBLE"",""reason_code"":""INHERENTLY_NONVISUAL"",""confidence"":0.95}","{""label"":""VISIBLE"",""reason_code"":""NONE"",""confidence"":0.95}","{""label"":""NOT_VISIBLE"",""reason_code"":""INHERENTLY_NONVISUAL"",""confidence"":0.95}"
AV-02,Done,"View of dollar bill, cannot see serial clearly.",Is the serial number on the bill clearly readable in this photo?,"Is the serial number unreadable in this photo (too small, blurred, or unclear)?",macro close up,./Images/IMG_0293.jpeg,./Images/IMG_0294.jpeg,indoor,AV-02,"{""label"":""NOT_VISIBLE"",""reason_code"":""INHERENTLY_NONVISUAL"",""confidence"":0.95}","{""label"":""NOT_VISIBLE"",""reason_code"":""INHERENTLY_NONVISUAL"",""confidence"":0.95}","{""label"":""VISIBLE"",""reason_code"":""NONE"",""confidence"":0.95}","{""label"":""NOT_VISIBLE"",""reason_code"":""INHERENTLY_NONVISUAL"",""confidence"":0.95}"
AV-03,Done,"Food container, micro-text too small.",Is the ingredients fine print clearly readable in this photo?,Is the ingredients fine print unreadable in this photo (too small or blurred)?,move the camera closer until the text is large enough,./Images/IMG_0682.jpeg,./Images/IMG_0683.jpeg,indoor,AV-03,"{""label"":""ABSTAIN"",""reason_code"":""INHERENTLY_NONVISUAL"",""confidence"":0.9}","{""label"":""VISIBLE"",""reason_code"":""NONE"",""confidence"":0.95}","{""label"":""VISIBLE"",""reason_code"":""NONE"",""confidence"":0.95}","{""label"":""VISIBLE"",""reason_code"":""NONE"",""confidence"":0.95}"
AV-04,Done,Laptop with text on screen.,Is the small text on the laptop screen clearly readable in this photo?,Is the laptop screen text unreadable in this photo (too small or unclear)?,move closer to see the text,./Images/IMG_1111.jpeg,./Images/IMG_1112.jpeg,indoor,AV-04,"{""label"":""NOT_VISIBLE"",""reason_code"":""LIGHTING_DISTANCE"",""confidence"":0.9}","{""label"":""NOT_VISIBLE"",""reason_code"":""NONE"",""confidence"":0.95}","{""label"":""NOT_VISIBLE"",""reason_code"":""LIGHTING_DISTANCE"",""confidence"":0.9}","{""label"":""NOT_VISIBLE"",""reason_code"":""NONE"",""confidence"":0.95}"
AV-05,Done,Pill bottle far away; text blurry.,Is the pill bottle ingredient list clearly readable in this photo?,Is the pill bottle ingredient list unreadable in this photo (too small or blurry)?,use a magnifying glass or phone zoom held near the label so the ingredient list is sharp and readable,./Images/IMG_0933.jpeg,./Images/IMG_0934.jpeg,indoor,AV-05,"{""label"":""NOT_VISIBLE"",""reason_code"":""INHERENTLY_NONVISUAL"",""confidence"":0.95}","{""label"":""VISIBLE"",""reason_code"":""NONE"",""confidence"":0.95}","{""label"":""NOT_VISIBLE"",""reason_code"":""OCCLUSION"",""confidence"":0.95}","{""label"":""VISIBLE"",""reason_code"":""NONE"",""confidence"":0.95}"
AV-06,Done,Yoghurt on table,Is the yoghurt expiration date clearly readable in this photo?,Is the yoghurt expiration date unreadable in this photo (too small or blurry)?,pick up the container and use a close up shot so the expiration date fills the frame and the numbers are sharp and readable,./Images/IMG_1103.jpeg,./Images/IMG_1104.jpeg,indoor,AV-06,"{""label"":""ABSTAIN"",""reason_code"":""INHERENTLY_NONVISUAL"",""confidence"":0.9}","{""label"":""VISIBLE"",""reason_code"":""NONE"",""confidence"":0.95}","{""label"":""NOT_VISIBLE"",""reason_code"":""OCCLUSION"",""confidence"":0.95}","{""label"":""VISIBLE"",""reason_code"":""NONE"",""confidence"":0.95}"
AV-07,Done,Lotion bottle far away; tiny text.,Is the lotion bottle fine print clearly readable in this photo?,Is the lotion bottle fine print unreadable in this photo (too small or unclear)?,bring the camera close or zoom in so the micro-text becomes legible,./Images/IMG_0684.jpeg,./Images/IMG_0685.jpeg,indoor,AV-07,"{""label"":""NOT_VISIBLE"",""reason_code"":""INHERENTLY_NONVISUAL"",""confidence"":0.95}","{""label"":""VISIBLE"",""reason_code"":""NONE"",""confidence"":0.95}","{""label"":""NOT_VISIBLE"",""reason_code"":""LIGHTING_DISTANCE"",""confidence"":0.9}","{""label"":""VISIBLE"",""reason_code"":""NONE"",""confidence"":0.95}"
GD-01,Done,Couple sitting next to each other.,Are the two people on the bench clearly looking at each other (mutual gaze)?,Are the two people on the bench clearly not looking at each other?,couple look at each other,./Images/IMG_0394.jpeg,./Images/IMG_0399.jpeg,outdoor,GD-01,"{""label"":""ABSTAIN"",""reason_code"":""OCCLUSION"",""confidence"":0.7}","{""label"":""VISIBLE"",""reason_code"":""NONE"",""confidence"":0.95}","{""label"":""ABSTAIN"",""reason_code"":""OCCLUSION"",""confidence"":0.7}","{""label"":""VISIBLE"",""reason_code"":""NONE"",""confidence"":0.95}"
GD-02,Done,Man turned away from cello.,Is the cello player clearly looking at the cello (eyes directed at it)?,Is the cello player clearly looking away from the cello?,turn his head and eyes down toward the cello while he plays it,./Images/IMG_0410.jpeg,./Images/IMG_0411.jpeg,outdoor,GD-02,"{""label"":""VISIBLE"",""reason_code"":""NONE"",""confidence"":0.95}","{""label"":""NOT_VISIBLE"",""reason_code"":""GAZE_DIRECTION"",""confidence"":0.95}","{""label"":""VISIBLE"",""reason_code"":""NONE"",""confidence"":0.95}","{""label"":""ABSTAIN"",""reason_code"":""OCCLUSION"",""confidence"":0.7}"
GD-03,Done,"Friends walking, heads not facing camera.",Are they clearly looking towards a camera for a photo?,Are they clearly not looking towards a camera for a photo?,"have them stop and pose, all turning their heads and eyes toward the camera as if taking a picture",./Images/IMG_8024.jpeg,./Images/IMG_8023.jpeg,outdoor,GD-03,"{""label"":""ABSTAIN"",""reason_code"":""INSUFFICIENT_CONTEXT"",""confidence"":0.7}","{""label"":""NOT_VISIBLE"",""reason_code"":""GAZE_DIRECTION"",""confidence"":0.95}","{""label"":""VISIBLE"",""reason_code"":""NONE"",""confidence"":0.95}","{""label"":""NOT_VISIBLE"",""reason_code"":""GAZE_DIRECTION"",""confidence"":0.95}"
GD-04,Done,Sunglasses hide eyes.,Are his eyes and gaze direction clearly visible in this photo?,Is his gaze direction not visible in this photo (eyes hidden/obscured)?,remove sunglasses or add transparent ones so gaze direction is clear,./Images/IMG_0431.JPG,./Images/IMG_0432.JPG,indoor,GD-04,"{""label"":""NOT_VISIBLE"",""reason_code"":""OCCLUSION"",""confidence"":0.95}","{""label"":""NOT_VISIBLE"",""reason_code"":""NONE"",""confidence"":0.95}","{""label"":""VISIBLE"",""reason_code"":""NONE"",""confidence"":0.95}","{""label"":""NOT_VISIBLE"",""reason_code"":""GAZE_DIRECTION"",""confidence"":0.95}"
GD-05,Done,He is looking sideways.,Is he clearly looking at the snowman?,Is he clearly not looking at the snowman?,Flip would have him face the snowman directly.,./Images/IMG_0625.jpeg,./Images/IMG_0626.jpeg,outdoor,GD-05,"{""label"":""ABSTAIN"",""reason_code"":""GAZE_DIRECTION"",""confidence"":0.7}","{""label"":""NOT_VISIBLE"",""reason_code"":""GAZE_DIRECTION"",""confidence"":0.95}","{""label"":""NOT_VISIBLE"",""reason_code"":""GAZE_DIRECTION"",""confidence"":0.95}","{""label"":""NOT_VISIBLE"",""reason_code"":""GAZE_DIRECTION"",""confidence"":0.95}"
GD-06,Done,Student facing roommate instead of laptop.,Is he clearly looking at the laptop screen?,Is he clearly not looking at the laptop screen?,turn his head and eyes toward the laptop screen while keeping her body position the same,./Images/IMG_0976.jpeg,./Images/IMG_0983.jpeg,indoor,GD-06,"{""label"":""NOT_VISIBLE"",""reason_code"":""GAZE_DIRECTION"",""confidence"":0.95}","{""label"":""NOT_VISIBLE"",""reason_code"":""GAZE_DIRECTION"",""confidence"":0.95}","{""label"":""NOT_VISIBLE"",""reason_code"":""GAZE_DIRECTION"",""confidence"":0.95}","{""label"":""NOT_VISIBLE"",""reason_code"":""GAZE_DIRECTION"",""confidence"":0.95}"
GD-07,Done,Bananas behind him.,Can he clearly see the bananas from where he is (in his forward view)?,Can he clearly not see the bananas from where he is?,turn his head and eyes around so he is clearly facing the banana stand,./Images/IMG_0636.jpeg,./Images/IMG_0637.jpeg,indoor,GD-07,"{""label"":""VISIBLE"",""reason_code"":""NONE"",""confidence"":0.95}","{""label"":""NOT_VISIBLE"",""reason_code"":""OCCLUSION"",""confidence"":0.95}","{""label"":""VISIBLE"",""reason_code"":""NONE"",""confidence"":0.95}","{""label"":""NOT_VISIBLE"",""reason_code"":""OCCLUSION"",""confidence"":0.95}"
GD-08,Done,Looking down; sign overhead.,Can he clearly see the aisle sign from where he is (in his view)?,Can he clearly not see the aisle sign from where he is?,raise his head and eyes so he is clearly looking up at the aisle sign,./Images/IMG_0630.jpeg,./Images/IMG_0631.jpeg,indoor,GD-08,"{""label"":""NOT_VISIBLE"",""reason_code"":""OCCLUSION"",""confidence"":0.95}","{""label"":""NOT_VISIBLE"",""reason_code"":""OCCLUSION"",""confidence"":0.95}","{""label"":""NOT_VISIBLE"",""reason_code"":""OCCLUSION"",""confidence"":0.95}","{""label"":""NOT_VISIBLE"",""reason_code"":""OCCLUSION"",""confidence"":0.95}"
GD-09,Done,Bottle behind monitor; he looks away.,Is the water bottle clearly visible to him (in his view)?,Is the water bottle clearly not visible to him (out of his view)?,Turn head/eyes toward water bottle; keep scene identical,./Images/IMG_0986.jpeg,./Images/IMG_0989.jpeg,indoor,GD-09,"{""label"":""NOT_VISIBLE"",""reason_code"":""OCCLUSION"",""confidence"":0.95}","{""label"":""NOT_VISIBLE"",""reason_code"":""OUT_OF_FRAME"",""confidence"":0.95}","{""label"":""NOT_VISIBLE"",""reason_code"":""OCCLUSION"",""confidence"":0.95}","{""label"":""NOT_VISIBLE"",""reason_code"":""GAZE_DIRECTION"",""confidence"":0.95}"
GD-10,Done,He is turned toward friend.,Is he clearly looking at the open washer?,Is he clearly looking away from the open washer?,turn his head toward the washer,./Images/IMG_1090.jpeg,./Images/IMG_1091.jpeg,indoor,GD-10,"{""label"":""NOT_VISIBLE"",""reason_code"":""GAZE_DIRECTION"",""confidence"":0.95}","{""label"":""NOT_VISIBLE"",""reason_code"":""GAZE_DIRECTION"",""confidence"":0.95}","{""label"":""NOT_VISIBLE"",""reason_code"":""GAZE_DIRECTION"",""confidence"":0.95}","{""label"":""NOT_VISIBLE"",""reason_code"":""GAZE_DIRECTION"",""confidence"":0.95}"
GD-11,Done,Gaze unclear.,Is he clearly looking at his shoes?,Is he clearly not looking at his shoes?,Capture him clearly tilting his head down with eyes obviously directed at his shoes,./Images/IMG_0901.jpeg,./Images/IMG_0898.jpeg,outdoor,GD-11,"{""label"":""NOT_VISIBLE"",""reason_code"":""GAZE_DIRECTION"",""confidence"":0.95}","{""label"":""VISIBLE"",""reason_code"":""NONE"",""confidence"":0.95}","{""label"":""NOT_VISIBLE"",""reason_code"":""GAZE_DIRECTION"",""confidence"":0.95}","{""label"":""NOT_VISIBLE"",""reason_code"":""GAZE_DIRECTION"",""confidence"":0.95}"
GD-12,Done,Head and eyes misaligned.,Is he clearly looking at the plant?,Is he clearly not looking at the plant?,Capture him with head and eyes clearly turned toward the plant,./Images/IMG_0904.jpeg,./Images/IMG_0903.jpeg,outdoor,GD-12,"{""label"":""ABSTAIN"",""reason_code"":""GAZE_DIRECTION"",""confidence"":0.7}","{""label"":""NOT_VISIBLE"",""reason_code"":""GAZE_DIRECTION"",""confidence"":0.95}","{""label"":""NOT_VISIBLE"",""reason_code"":""GAZE_DIRECTION"",""confidence"":0.95}","{""label"":""NOT_VISIBLE"",""reason_code"":""GAZE_DIRECTION"",""confidence"":0.95}"
GD-13,Done,Gaze ambiguous.,Is he clearly looking at his phone screen?,Is he clearly not looking at his phone?,Capture him clearly looking down at the phone screen with visible eye direction toward it,./Images/IMG_5809.jpeg,./Images/IMG_5807.jpeg,outdoor,GD-13,"{""label"":""NOT_VISIBLE"",""reason_code"":""GAZE_DIRECTION"",""confidence"":0.95}","{""label"":""NOT_VISIBLE"",""reason_code"":""GAZE_DIRECTION"",""confidence"":0.95}","{""label"":""VISIBLE"",""reason_code"":""NONE"",""confidence"":0.95}","{""label"":""NOT_VISIBLE"",""reason_code"":""GAZE_DIRECTION"",""confidence"":0.95}"
GD-14,Done,Head and eyes not aligned.,Is he clearly looking at the whiteboard?,Is he clearly not looking at the whiteboard?,Turn his head and eyes clearly toward the writing on the board.,./Images/IMG_1004.jpeg,./Images/IMG_1008.jpeg,indoor,GD-14,"{""label"":""NOT_VISIBLE"",""reason_code"":""GAZE_DIRECTION"",""confidence"":0.95}","{""label"":""NOT_VISIBLE"",""reason_code"":""GAZE_DIRECTION"",""confidence"":0.95}","{""label"":""NOT_VISIBLE"",""reason_code"":""GAZE_DIRECTION"",""confidence"":0.95}","{""label"":""NOT_VISIBLE"",""reason_code"":""GAZE_DIRECTION"",""confidence"":0.95}"
GD-15,Done,Student turned away.,Is he directly looking at the dryer display (top of the dryer)?,Is he not directly looking at the dryer display (top of the dryer)?,keep his body in place but turn his head and eyes toward the dryer so he is clearly looking at the display,./Images/IMG_1093.jpeg,./Images/IMG_1094.jpeg,indoor,GD-15,"{""label"":""NOT_VISIBLE"",""reason_code"":""GAZE_DIRECTION"",""confidence"":0.95}","{""label"":""VISIBLE"",""reason_code"":""GAZE_DIRECTION"",""confidence"":0.95}","{""label"":""NOT_VISIBLE"",""reason_code"":""GAZE_DIRECTION"",""confidence"":0.95}","{""label"":""VISIBLE"",""reason_code"":""GAZE_DIRECTION"",""confidence"":0.95}"
GD-16,Done,Eyes not clearly on the page.,Is he clearly looking at his notebook page?,Is he clearly not looking at his notebook?,"Keep the position but have him clearly look down at the notebook page, instead of covering his eyes.",./Images/IMG_1020.jpeg,./Images/IMG_1016.jpeg,indoor,GD-16,"{""label"":""VISIBLE"",""reason_code"":""NONE"",""confidence"":0.95}","{""label"":""NOT_VISIBLE"",""reason_code"":""GAZE_DIRECTION"",""confidence"":0.95}","{""label"":""VISIBLE"",""reason_code"":""NONE"",""confidence"":0.95}","{""label"":""NOT_VISIBLE"",""reason_code"":""GAZE_DIRECTION"",""confidence"":0.95}"
GD-17,Done,Gaze slightly off.,Is he clearly looking at the TV screen?,Is he clearly not looking at the TV screen?,Have him face the TV directly with eyes clearly aligned to the screen.,./Images/IMG_1011.jpeg,./Images/IMG_1014.jpeg,indoor,GD-17,"{""label"":""NOT_VISIBLE"",""reason_code"":""GAZE_DIRECTION"",""confidence"":0.95}","{""label"":""VISIBLE"",""reason_code"":""GAZE_DIRECTION"",""confidence"":0.95}","{""label"":""VISIBLE"",""reason_code"":""NONE"",""confidence"":0.95}","{""label"":""NOT_VISIBLE"",""reason_code"":""GAZE_DIRECTION"",""confidence"":0.95}"
GD-18,Done,Cat looking toward window.,Is the cat clearly looking towards the camera?,Is the cat clearly looking away from the camera?,keep the cat in the same spot but capture a moment when it is looking straight toward the camera lens so its pupils are clearly directed at the viewer,./Images/IMG_7812.jpeg,./Images/IMG_7851.jpeg,indoor,GD-18,"{""label"":""VISIBLE"",""reason_code"":""NONE"",""confidence"":0.95}","{""label"":""NOT_VISIBLE"",""reason_code"":""GAZE_DIRECTION"",""confidence"":0.95}","{""label"":""NOT_VISIBLE"",""reason_code"":""GAZE_DIRECTION"",""confidence"":0.95}","{""label"":""NOT_VISIBLE"",""reason_code"":""GAZE_DIRECTION"",""confidence"":0.95}"
GD-19,Done,Girl looking away.,Is she clearly actively reading the book (eyes on the page)?,Is she clearly not actively reading the book?,She looks at the book.,./Images/IMG_0994.jpeg,./Images/IMG_0993.jpeg,indoor,GD-19,"{""label"":""NOT_VISIBLE"",""reason_code"":""GAZE_DIRECTION"",""confidence"":0.95}","{""label"":""NOT_VISIBLE"",""reason_code"":""GAZE_DIRECTION"",""confidence"":0.95}","{""label"":""VISIBLE"",""reason_code"":""NONE"",""confidence"":0.95}","{""label"":""NOT_VISIBLE"",""reason_code"":""GAZE_DIRECTION"",""confidence"":0.95}"
GD-20,Done,Facing hallway.,Is he clearly looking out the window?,Is he clearly not looking out the window?,He looks outside the window.,./Images/IMG_1026.jpeg,./Images/IMG_1028.jpeg,indoor,GD-20,"{""label"":""NOT_VISIBLE"",""reason_code"":""GAZE_DIRECTION"",""confidence"":0.95}","{""label"":""NOT_VISIBLE"",""reason_code"":""GAZE_DIRECTION"",""confidence"":0.95}","{""label"":""VISIBLE"",""reason_code"":""NONE"",""confidence"":0.95}","{""label"":""NOT_VISIBLE"",""reason_code"":""GAZE_DIRECTION"",""confidence"":0.95}"
IC-01,Done,Many similar bottles; none marked.,Is the moisturising lotion uniquely identifiable in this photo?,Is the moisturising lotion not uniquely identifiable in this photo?,place moisturiser in view,./Images/IMG_0271.jpeg,./Images/IMG_0270.jpeg,indoor,IC-01,"{""label"":""VISIBLE"",""reason_code"":""NONE"",""confidence"":0.95}","{""label"":""ABSTAIN"",""reason_code"":""INSUFFICIENT_CONTEXT"",""confidence"":0.7}","{""label"":""VISIBLE"",""reason_code"":""NONE"",""confidence"":0.95}","{""label"":""ABSTAIN"",""reason_code"":""INSUFFICIENT_CONTEXT"",""confidence"":0.7}"
IC-02,Done,Only legs and shoes shown.,Is it visually clear that the person is about to leave the house?,Is it visually clear that the person is not about to leave the house?,Take the same photo but with the shoes on.,./Images/IMG_1113.jpeg,./Images/IMG_1114.jpeg,indoor,IC-02,"{""label"":""ABSTAIN"",""reason_code"":""INHERENTLY_NONVISUAL"",""confidence"":0.7}","{""label"":""VISIBLE"",""reason_code"":""NONE"",""confidence"":0.95}","{""label"":""ABSTAIN"",""reason_code"":""INHERENTLY_NONVISUAL"",""confidence"":0.7}","{""label"":""VISIBLE"",""reason_code"":""NONE"",""confidence"":0.95}"
IC-03,Done,Many similar shoes with no cues.,Can you uniquely identify which pair of shoes is his from this photo?,Is it not possible to uniquely identify which shoes are his from this photo?,He stands wearing one pair of the shoes.,./Images/IMG_1132.jpeg,./Images/IMG_1133.jpeg,indoor,IC-03,"{""label"":""ABSTAIN"",""reason_code"":""INSUFFICIENT_CONTEXT"",""confidence"":0.7}","{""label"":""ABSTAIN"",""reason_code"":""INSUFFICIENT_CONTEXT"",""confidence"":0.9}","{""label"":""ABSTAIN"",""reason_code"":""INSUFFICIENT_CONTEXT"",""confidence"":0.6}","{""label"":""ABSTAIN"",""reason_code"":""INSUFFICIENT_CONTEXT"",""confidence"":0.9}"
IC-04,Done,Dog looking elsewhere.,Is the dog clearly looking directly at the owner?,Is the dog clearly not directly looking at the owner?,dog looks at the owner,./Images/IMG_8013.jpeg,./Images/IMG_8019.jpeg,outdoor,IC-04,"{""label"":""ABSTAIN"",""reason_code"":""OCCLUSION"",""confidence"":0.7}","{""label"":""VISIBLE"",""reason_code"":""NONE"",""confidence"":0.95}","{""label"":""ABSTAIN"",""reason_code"":""OCCLUSION"",""confidence"":0.7}","{""label"":""NOT_VISIBLE"",""reason_code"":""OCCLUSION"",""confidence"":0.95}"
IC-05,Done,Identical mailboxes with no marker.,Is his mailbox uniquely identifiable in this photo?,Is his mailbox not uniquely identifiable in this photo?,Place your keys inside the right mailbox so it becomes clearly identifiable which one is meant by “right.”,./Images/IMG_1115.jpeg,./Images/IMG_1116.jpeg,outdoor,IC-05,"{""label"":""ABSTAIN"",""reason_code"":""INSUFFICIENT_CONTEXT"",""confidence"":0.6}","{""label"":""ABSTAIN"",""reason_code"":""INSUFFICIENT_CONTEXT"",""confidence"":0.7}","{""label"":""NOT_VISIBLE"",""reason_code"":""INHERENTLY_NONVISUAL"",""confidence"":0.95}","{""label"":""ABSTAIN"",""reason_code"":""INSUFFICIENT_CONTEXT"",""confidence"":0.7}"
IC-06,Done,Posture unclear.,Is it visually clear that the person is typing?,Is it visually clear that the person is not typing?,Start typing.,./Images/IMG_1123.jpeg,./Images/IMG_1124.jpeg,indoor,IC-06,"{""label"":""NOT_VISIBLE"",""reason_code"":""GAZE_DIRECTION"",""confidence"":0.95}","{""label"":""VISIBLE"",""reason_code"":""NONE"",""confidence"":0.95}","{""label"":""VISIBLE"",""reason_code"":""NONE"",""confidence"":0.95}","{""label"":""NOT_VISIBLE"",""reason_code"":""GAZE_DIRECTION"",""confidence"":0.95}"
IC-07,Done,Chairs identical; no marking.,Is the reserved seat clearly indicated in this photo?,Is the reserved seat not indicated in this photo?,put a name tag on his umbrella or add an arrow pointing to it,./Images/IMG_0973.jpeg,./Images/IMG_0974.jpeg,indoor,IC-07,"{""label"":""NOT_VISIBLE"",""reason_code"":""INHERENTLY_NONVISUAL"",""confidence"":0.95}","{""label"":""NOT_VISIBLE"",""reason_code"":""INHERENTLY_NONVISUAL"",""confidence"":0.95}","{""label"":""VISIBLE"",""reason_code"":""NONE"",""confidence"":0.95}","{""label"":""NOT_VISIBLE"",""reason_code"":""INHERENTLY_NONVISUAL"",""confidence"":0.95}"
LD-01,Done,Phone screen reflecting glare.,Is the phone screen clearly visible (content not washed out by glare)?,Is the phone screen not visible due to glare/reflection?,turn on light,./Images/IMG_0416.jpeg,./Images/IMG_0417.jpeg,indoor,LD-01,"{""label"":""NOT_VISIBLE"",""reason_code"":""OCCLUSION"",""confidence"":0.95}","{""label"":""NOT_VISIBLE"",""reason_code"":""NONE"",""confidence"":0.95}","{""label"":""VISIBLE"",""reason_code"":""NONE"",""confidence"":0.95}","{""label"":""NOT_VISIBLE"",""reason_code"":""NONE"",""confidence"":0.95}"
LD-02,Done,Outdoor sign with glare.,Is the sign text clearly readable in this photo?,Is the sign text unreadable in this photo?,Move closer or adjust angle so the text becomes clearly readable.,./Images/IMG_1119.jpeg,./Images/IMG_1120.jpeg,outdoor,LD-02,"{""label"":""NOT_VISIBLE"",""reason_code"":""INHERENTLY_NONVISUAL"",""confidence"":0.95}","{""label"":""NOT_VISIBLE"",""reason_code"":""INHERENTLY_NONVISUAL"",""confidence"":0.95}","{""label"":""VISIBLE"",""reason_code"":""NONE"",""confidence"":0.95}","{""label"":""NOT_VISIBLE"",""reason_code"":""NONE"",""confidence"":0.95}"
LD-03,Done,Distant and dim.,Is the street sign text clearly readable in this photo?,Is the street sign unreadable in this photo?,move closer and change angle,./Images/IMG_0618.jpeg,./Images/IMG_0619.jpeg,outdoor,LD-03,"{""label"":""NOT_VISIBLE"",""reason_code"":""INHERENTLY_NONVISUAL"",""confidence"":0.95}","{""label"":""NOT_VISIBLE"",""reason_code"":""INHERENTLY_NONVISUAL"",""confidence"":0.95}","{""label"":""NOT_VISIBLE"",""reason_code"":""INHERENTLY_NONVISUAL"",""confidence"":0.95}","{""label"":""NOT_VISIBLE"",""reason_code"":""INHERENTLY_NONVISUAL"",""confidence"":0.95}"
LD-04,Done,Label far away; tiny print.,Is the package label text clearly readable in this photo?,Is the package label text unreadable in this photo?,move camera 5 to 8 m closer,./Images/IMG_0435.jpeg,./Images/IMG_0436.jpeg,outdoor,LD-04,"{""label"":""NOT_VISIBLE"",""reason_code"":""INHERENTLY_NONVISUAL"",""confidence"":0.95}","{""label"":""NOT_VISIBLE"",""reason_code"":""INHERENTLY_NONVISUAL"",""confidence"":0.95}","{""label"":""VISIBLE"",""reason_code"":""NONE"",""confidence"":0.95}","{""label"":""NOT_VISIBLE"",""reason_code"":""NONE"",""confidence"":0.95}"
LD-05,Done,Far away; number too small.,Is the crosswalk countdown number clearly readable in this photo?,Is the crosswalk countdown number unreadable in this photo?,move 2m closer to reduce distance,./Images/IMG_0638.jpeg,./Images/IMG_0639.jpeg,indoor,LD-05,"{""label"":""NOT_VISIBLE"",""reason_code"":""INHERENTLY_NONVISUAL"",""confidence"":0.95}","{""label"":""NOT_VISIBLE"",""reason_code"":""INHERENTLY_NONVISUAL"",""confidence"":0.95}","{""label"":""NOT_VISIBLE"",""reason_code"":""INHERENTLY_NONVISUAL"",""confidence"":0.95}","{""label"":""NOT_VISIBLE"",""reason_code"":""INHERENTLY_NONVISUAL"",""confidence"":0.95}"
LD-06,Done,Bus far and angled.,Is the bus route/number clearly readable in this photo?,Is the bus route/number unreadable in this photo?,move closer to the crosswalk so the countdown display is large enough to read,./Images/IMG_0650.jpeg,./Images/IMG_0644.jpeg,outdoor,LD-06,"{""label"":""NOT_VISIBLE"",""reason_code"":""OCCLUSION"",""confidence"":0.95}","{""label"":""NOT_VISIBLE"",""reason_code"":""INHERENTLY_NONVISUAL"",""confidence"":0.95}","{""label"":""VISIBLE"",""reason_code"":""NONE"",""confidence"":0.95}","{""label"":""NOT_VISIBLE"",""reason_code"":""INHERENTLY_NONVISUAL"",""confidence"":0.95}"
LD-07,Done,light off protein powder inside cupboard,Is the protein powder inside of the cupboard visible?,Is the protein powder inside of the cupboard not visible?,turn light on,./Images/IMG_1099.jpeg,./Images/IMG_1100.jpeg,indoor,LD-07,"{""label"":""NOT_VISIBLE"",""reason_code"":""LIGHTING_DISTANCE"",""confidence"":0.9}","{""label"":""NOT_VISIBLE"",""reason_code"":""OCCLUSION"",""confidence"":0.95}","{""label"":""VISIBLE"",""reason_code"":""NONE"",""confidence"":0.95}","{""label"":""NOT_VISIBLE"",""reason_code"":""OCCLUSION"",""confidence"":0.95}"
LD-08,Done,Room dark.,Is the protein powder label text clearly readable in this photo?,Is the label unreadable in this photo (too dark/low contrast)?,turn light on,./Images/IMG_0661.jpeg,./Images/IMG_0662.jpeg,indoor,LD-08,"{""label"":""NOT_VISIBLE"",""reason_code"":""LIGHTING_DISTANCE"",""confidence"":0.9}","{""label"":""VISIBLE"",""reason_code"":""NONE"",""confidence"":0.95}","{""label"":""NOT_VISIBLE"",""reason_code"":""OCCLUSION"",""confidence"":0.95}","{""label"":""NOT_VISIBLE"",""reason_code"":""NONE"",""confidence"":0.95}"
LD-09,Done,Kitchen light off,Can you clearly see what is in the cupboard?,Can you clearly not see what is in the cupboard? (dim/glare),turn on light,./Images/IMG_0287.jpeg,./Images/IMG_0288.jpeg,indoor,LD-09,"{""label"":""VISIBLE"",""reason_code"":""NONE"",""confidence"":0.95}","{""label"":""NOT_VISIBLE"",""reason_code"":""LIGHTING_DISTANCE"",""confidence"":0.9}","{""label"":""VISIBLE"",""reason_code"":""NONE"",""confidence"":0.95}","{""label"":""NOT_VISIBLE"",""reason_code"":""LIGHTING_DISTANCE"",""confidence"":0.9}"
LD-10,Done,Far or glare makes text unclear.,Is the restaurant sign text clearly readable in this photo?,Is the restaurant sign text unreadable in this photo?,Change angle to avoid glare.,./Images/IMG_0616.jpeg,./Images/IMG_0617.jpeg,indoor,LD-10,"{""label"":""INHERENTLY_NONVISUAL"",""reason_code"":""NONE"",""confidence"":0.95}","{""label"":""INHERENTLY_NONVISUAL"",""reason_code"":""AUGMENTED_VISION_REQUIRED"",""confidence"":0.95}","{""label"":""VISIBLE"",""reason_code"":""NONE"",""confidence"":0.95}","{""label"":""NOT_VISIBLE"",""reason_code"":""NONE"",""confidence"":0.95}"
LD-11,Done,Mirror selfie in dark.,Is the person’s face clearly visible in this photo?,Is the person’s face not clearly visible in this photo?,Turn light on,./Images/IMG_1109.jpeg,./Images/IMG_1110.jpeg,indoor,LD-11,"{""label"":""NOT_VISIBLE"",""reason_code"":""OCCLUSION"",""confidence"":0.95}","{""label"":""VISIBLE"",""reason_code"":""NONE"",""confidence"":0.95}","{""label"":""VISIBLE"",""reason_code"":""NONE"",""confidence"":0.95}","{""label"":""NOT_VISIBLE"",""reason_code"":""OCCLUSION"",""confidence"":0.95}"
LD-12,Done,Very dark room.,Is the text on the paper clearly readable in this photo?,Is the text on the paper unreadable in this photo?,Increase brightness,./Images/IMG_1128.jpeg,./Images/IMG_1129.jpeg,indoor,LD-12,"{""label"":""NOT_VISIBLE"",""reason_code"":""LIGHTING_DISTANCE"",""confidence"":0.9}","{""label"":""NOT_VISIBLE"",""reason_code"":""LIGHTING_DISTANCE"",""confidence"":0.9}","{""label"":""VISIBLE"",""reason_code"":""NONE"",""confidence"":0.95}","{""label"":""NOT_VISIBLE"",""reason_code"":""NONE"",""confidence"":0.95}"
LD-13,Done,Clock glare hides hands.,Is the time on the clock clearly readable in this photo?,Is the clock time unreadable in this photo (glare/angle)?,move closer so less glare,./Images/IMG_0418.jpeg,./Images/IMG_0420.jpeg,outdoor,LD-13,"{""label"":""NOT_VISIBLE"",""reason_code"":""INHERENTLY_NONVISUAL"",""confidence"":0.95}","{""label"":""NOT_VISIBLE"",""reason_code"":""INHERENTLY_NONVISUAL"",""confidence"":0.95}","{""label"":""VISIBLE"",""reason_code"":""NONE"",""confidence"":0.95}","{""label"":""NOT_VISIBLE"",""reason_code"":""NONE"",""confidence"":0.95}"
MA-01,Done,Gesture unclear.,Are they clearly greeting each other (clear greeting gesture)?,Are they clearly not greeting each other (no greeting happening)?,Capture them both with clear smiles directed at each other,./Images/IMG_0859.jpeg,./Images/IMG_0853.jpeg,indoor,MA-01,"{""label"":""ABSTAIN"",""reason_code"":""INSUFFICIENT_CONTEXT"",""confidence"":0.7}","{""label"":""NOT_VISIBLE"",""reason_code"":""OCCLUSION"",""confidence"":0.9}","{""label"":""VISIBLE"",""reason_code"":""NONE"",""confidence"":0.95}","{""label"":""NOT_VISIBLE"",""reason_code"":""OCCLUSION"",""confidence"":0.9}"
MA-02,Done,Arms hidden; intention unclear.,Are they clearly hugging each other?,Are they clearly not hugging each other?,"Capture handshake, wave, or visible greeting gesture",./Images/IMG_0860.jpeg,./Images/IMG_0861.jpeg,indoor,MA-02,"{""label"":""NOT_VISIBLE"",""reason_code"":""OCCLUSION"",""confidence"":0.95}","{""label"":""VISIBLE"",""reason_code"":""NONE"",""confidence"":0.95}","{""label"":""VISIBLE"",""reason_code"":""NONE"",""confidence"":0.95}","{""label"":""NOT_VISIBLE"",""reason_code"":""OCCLUSION"",""confidence"":0.95}"
MA-03,Done,Motion ambiguous.,Is she clearly giving him the cup (handing it over)?,Is she clearly not giving him the cup?,Show her giving him a cup.,./Images/IMG_0864.jpeg,./Images/IMG_0874.jpeg,indoor,MA-03,"{""label"":""NOT_VISIBLE"",""reason_code"":""OCCLUSION"",""confidence"":0.95}","{""label"":""NOT_VISIBLE"",""reason_code"":""OCCLUSION"",""confidence"":0.95}","{""label"":""NOT_VISIBLE"",""reason_code"":""OCCLUSION"",""confidence"":0.95}","{""label"":""NOT_VISIBLE"",""reason_code"":""INHERENTLY_NONVISUAL"",""confidence"":0.95}"
MA-04,Done,Posture ambiguous.,Is she clearly helping him carry the chair?,Is she clearly not helping him carry the chair?,Capture moment where person A is clearly extending the cup toward person B’s hand,./Images/IMG_0877.jpeg,./Images/IMG_0879.jpeg,indoor,MA-04,"{""label"":""ABSTAIN"",""reason_code"":""INSUFFICIENT_CONTEXT"",""confidence"":0.7}","{""label"":""NOT_VISIBLE"",""reason_code"":""OCCLUSION"",""confidence"":0.95}","{""label"":""VISIBLE"",""reason_code"":""NONE"",""confidence"":0.95}","{""label"":""NOT_VISIBLE"",""reason_code"":""OCCLUSION"",""confidence"":0.9}"
MA-05,Done,Gaze unclear.,Is he clearly looking at her phone?,Is he clearly not looking at her phone?,Capture both people visibly holding the chair together from each side,./Images/IMG_0883.jpeg,./Images/IMG_0886.jpeg,indoor,MA-05,"{""label"":""NOT_VISIBLE"",""reason_code"":""GAZE_DIRECTION"",""confidence"":0.95}","{""label"":""NOT_VISIBLE"",""reason_code"":""GAZE_DIRECTION"",""confidence"":0.95}","{""label"":""NOT_VISIBLE"",""reason_code"":""GAZE_DIRECTION"",""confidence"":0.95}","{""label"":""NOT_VISIBLE"",""reason_code"":""GAZE_DIRECTION"",""confidence"":0.95}"
MA-06,Done,Gaze misaligned.,Is he clearly looking at what she is pointing to?,Is he clearly not looking at what she is pointing to?,Capture person B leaning in with eyes obviously aimed at the phone screen,./Images/IMG_0888.jpeg,./Images/IMG_0893.jpeg,indoor,MA-06,"{""label"":""ABSTAIN"",""reason_code"":""INSUFFICIENT_CONTEXT"",""confidence"":0.7}","{""label"":""NOT_VISIBLE"",""reason_code"":""GAZE_DIRECTION"",""confidence"":0.95}","{""label"":""ABSTAIN"",""reason_code"":""INSUFFICIENT_CONTEXT"",""confidence"":0.7}","{""label"":""NOT_VISIBLE"",""reason_code"":""GAZE_DIRECTION"",""confidence"":0.95}"
MA-07,Done,Card not shown.,Is the gift card value clearly visible in this photo?,Is the gift card value not visible in this photo?,Capture person B with head and eyes clearly aligned toward the pointed-at object,./Images/IMG_0280.jpeg,./Images/IMG_0281.jpeg,indoor,MA-07,"{""label"":""ABSTAIN"",""reason_code"":""INHERENTLY_NONVISUAL"",""confidence"":0.9}","{""label"":""VISIBLE"",""reason_code"":""NONE"",""confidence"":0.95}","{""label"":""VISIBLE"",""reason_code"":""NONE"",""confidence"":0.95}","{""label"":""NOT_VISIBLE"",""reason_code"":""NONE"",""confidence"":0.95}"
NV-01,Done,iPad locked; no hint visible.,Is the device unlock PIN visible anywhere in this photo?,Is there no visible clue to the device unlock PIN in this photo?,show corner with money value,./Images/IMG_0947.jpeg,./Images/IMG_0948.jpeg,indoor,NV-01,"{""label"":""NOT_VISIBLE"",""reason_code"":""INHERENTLY_NONVISUAL"",""confidence"":0.95}","{""label"":""VISIBLE"",""reason_code"":""NONE"",""confidence"":0.95}","{""label"":""NOT_VISIBLE"",""reason_code"":""INHERENTLY_NONVISUAL"",""confidence"":0.95}","{""label"":""VISIBLE"",""reason_code"":""NONE"",""confidence"":0.95}"
NV-02,Done,Drive only visible.,Are the files on the drive visible anywhere in this photo (screen/label/list)?,Are the drive contents not visible anywhere in this photo?,place a small sticky note next to the phone with the 4-digit PIN clearly written so it is readable in the frame,./Images/IMG_0278.jpeg,./Images/IMG_0279.jpeg,indoor,NV-02,"{""label"":""NOT_VISIBLE"",""reason_code"":""INHERENTLY_NONVISUAL"",""confidence"":0.95}","{""label"":""VISIBLE"",""reason_code"":""NONE"",""confidence"":0.95}","{""label"":""NOT_VISIBLE"",""reason_code"":""NONE"",""confidence"":0.95}","{""label"":""NOT_VISIBLE"",""reason_code"":""NONE"",""confidence"":0.95}"
NV-03,Done,No note shown.,Is the wifi password visible anywhere in this photo (written or on a screen)?,Is the wifi password not visible anywhere in this photo?,show nearby screen with file list,./Images/IMG_0289.jpeg,./Images/IMG_0290.jpeg,indoor,NV-03,"{""label"":""NOT_VISIBLE"",""reason_code"":""INHERENTLY_NONVISUAL"",""confidence"":0.95}","{""label"":""VISIBLE"",""reason_code"":""NONE"",""confidence"":0.95}","{""label"":""NOT_VISIBLE"",""reason_code"":""INHERENTLY_NONVISUAL"",""confidence"":0.95}","{""label"":""VISIBLE"",""reason_code"":""NONE"",""confidence"":0.95}"
NV-04,Done,Bottle unlabelled.,Is the drink flavour visible in this photo (label/menu/text)?,Is the drink flavour not visible in this photo?,add note with password,./Images/IMG_0439.jpeg,./Images/IMG_0439 (1).jpeg,indoor,NV-04,"{""label"":""NOT_VISIBLE"",""reason_code"":""INHERENTLY_NONVISUAL"",""confidence"":0.95}","{""label"":""VISIBLE"",""reason_code"":""NONE"",""confidence"":0.95}","{""label"":""VISIBLE"",""reason_code"":""NONE"",""confidence"":0.95}","{""label"":""VISIBLE"",""reason_code"":""NONE"",""confidence"":0.95}"
NV-05,Done,Flavour not inferable.,Is the juice flavour visible in this photo (label/menu/text)?,Is the juice flavour not visible in this photo?,place a visible label “Orange” on the cup,./Images/IMG_0632.jpeg,./Images/IMG_0633.jpeg,indoor,NV-05,"{""label"":""NOT_VISIBLE"",""reason_code"":""INHERENTLY_NONVISUAL"",""confidence"":0.95}","{""label"":""NOT_VISIBLE"",""reason_code"":""INHERENTLY_NONVISUAL"",""confidence"":0.95}","{""label"":""VISIBLE"",""reason_code"":""NONE"",""confidence"":0.95}","{""label"":""NOT_VISIBLE"",""reason_code"":""INHERENTLY_NONVISUAL"",""confidence"":0.95}"
NV-06,Done,Friends talking,Are the friends clearly smiling at each other?,Are the friends clearly not smiling at each other?,Smile at each other,./Images/IMG_0847.jpeg,./Images/IMG_0850.jpeg,indoor,NV-06,"{""label"":""ABSTAIN"",""reason_code"":""GAZE_DIRECTION"",""confidence"":0.7}","{""label"":""VISIBLE"",""reason_code"":""NONE"",""confidence"":0.95}","{""label"":""ABSTAIN"",""reason_code"":""GAZE_DIRECTION"",""confidence"":0.7}","{""label"":""VISIBLE"",""reason_code"":""NONE"",""confidence"":0.95}"
NV-07,Done,No visible indicators.,Is the outside temperature visible in this photo (display/app/sign)?,Is the outside temperature not visible anywhere in this photo?,Include a phone weather screen or digital temperature display in frame.,./Images/IMG_1117.JPG,./Images/IMG_1118.JPG,outdoor,NV-07,"{""label"":""INHERENTLY_NONVISUAL"",""reason_code"":""INHERENTLY_NONVISUAL"",""confidence"":0.95}","{""label"":""NOT_VISIBLE"",""reason_code"":""INHERENTLY_NONVISUAL"",""confidence"":0.95}","{""label"":""VISIBLE"",""reason_code"":""NONE"",""confidence"":0.95}","{""label"":""NOT_VISIBLE"",""reason_code"":""INHERENTLY_NONVISUAL"",""confidence"":0.95}"
NV-08,Done,No track info visible.,Is the song title/track info visible in this photo (screen/now playing)?,Is the song title/track info not visible in this photo?,Flip by including the “Now Playing” screen (phone/Spotify/YouTube) showing the song title and artist.,./Images/IMG_1107.jpeg,./Images/IMG_1108.jpeg,indoor,NV-08,"{""label"":""NOT_VISIBLE"",""reason_code"":""INHERENTLY_NONVISUAL"",""confidence"":0.95}","{""label"":""NOT_VISIBLE"",""reason_code"":""INHERENTLY_NONVISUAL"",""confidence"":0.95}","{""label"":""VISIBLE"",""reason_code"":""NONE"",""confidence"":0.95}","{""label"":""NOT_VISIBLE"",""reason_code"":""NONE"",""confidence"":0.95}"
NV-09,Done,Behind fridge items.,Is the spice bottle clearly visible in this photo?,Is the spice bottle not visible in this photo?,Move items aside,./Images/IMG_0258.jpeg,./Images/IMG_0259.jpeg,indoor,NV-09,"{""label"":""VISIBLE"",""reason_code"":""NONE"",""confidence"":0.95}","{""label"":""NOT_VISIBLE"",""reason_code"":""NONE"",""confidence"":0.95}","{""label"":""VISIBLE"",""reason_code"":""NONE"",""confidence"":0.95}","{""label"":""NOT_VISIBLE"",""reason_code"":""OCCLUSION"",""confidence"":0.95}"
NV-10,Done,Knife under utensils.,Is the kitchen knife clearly visible in this photo?,Is the kitchen knife not visible in this photo?,add lock,./Images/IMG_0275.jpeg,./Images/IMG_0276.jpeg,indoor,NV-10,"{""label"":""VISIBLE"",""reason_code"":""NONE"",""confidence"":0.95}","{""label"":""NOT_VISIBLE"",""reason_code"":""NONE"",""confidence"":0.95}","{""label"":""VISIBLE"",""reason_code"":""NONE"",""confidence"":0.95}","{""label"":""NOT_VISIBLE"",""reason_code"":""OCCLUSION"",""confidence"":0.95}"
NV-11,Done,No lock shown.,Is the locker combination visible anywhere in this photo?,Is the locker combination not visible anywhere in this photo?,tape a clear paper label next to the lock with the full combination (for example “34-18-09”) written large enough to read in the image,./Images/IMG_0694.jpeg,./Images/IMG_0693.jpeg,indoor,NV-11,"{""label"":""NOT_VISIBLE"",""reason_code"":""INHERENTLY_NONVISUAL"",""confidence"":0.95}","{""label"":""VISIBLE"",""reason_code"":""NONE"",""confidence"":0.95}","{""label"":""NOT_VISIBLE"",""reason_code"":""NONE"",""confidence"":0.95}","{""label"":""NOT_VISIBLE"",""reason_code"":""NONE"",""confidence"":0.95}"
OC-01,Done,Hidden behind items.,Is the honey bottle clearly visible in this photo?,Is the honey bottle not visible in this photo?,slide box 10 cm so bottle peeks out,./Images/IMG_0272.jpeg,./Images/IMG_0273.jpeg,indoor,OC-01,"{""label"":""VISIBLE"",""reason_code"":""NONE"",""confidence"":0.95}","{""label"":""NOT_VISIBLE"",""reason_code"":""NONE"",""confidence"":0.95}","{""label"":""VISIBLE"",""reason_code"":""NONE"",""confidence"":0.95}","{""label"":""NOT_VISIBLE"",""reason_code"":""NONE"",""confidence"":0.95}"
OC-02,Done,Under cushion.,Is the remote clearly visible in this photo?,Is the remote not visible in this photo?,expose part of knife,./Images/IMG_0260.jpeg,./Images/IMG_0262.jpeg,indoor,OC-02,"{""label"":""NOT_VISIBLE"",""reason_code"":""INHERENTLY_NONVISUAL"",""confidence"":0.95}","{""label"":""NOT_VISIBLE"",""reason_code"":""NONE"",""confidence"":0.95}","{""label"":""NOT_VISIBLE"",""reason_code"":""NONE"",""confidence"":0.95}","{""label"":""NOT_VISIBLE"",""reason_code"":""NONE"",""confidence"":0.95}"
OC-03,Done,Covered by papers.,Is the passport clearly visible in the drawer in this photo?,Is the passport not visible in the drawer in this photo?,move box to the side,./Images/IMG_0282.jpeg,./Images/IMG_0283.jpeg,indoor,OC-03,"{""label"":""VISIBLE"",""reason_code"":""NONE"",""confidence"":0.95}","{""label"":""NOT_VISIBLE"",""reason_code"":""OCCLUSION"",""confidence"":0.95}","{""label"":""VISIBLE"",""reason_code"":""NONE"",""confidence"":0.95}","{""label"":""NOT_VISIBLE"",""reason_code"":""OCCLUSION"",""confidence"":0.95}"
OC-04,Done,Top blocked by trees.,Is the top of the arch clearly visible in this photo?,Is the top of the arch not visible in this photo?,lift cushion so 30 percent shows,./Images/IMG_0391.jpeg,./Images/IMG_0392.jpeg,indoor,OC-04,"{""label"":""NOT_VISIBLE"",""reason_code"":""OCCLUSION"",""confidence"":0.95}","{""label"":""NOT_VISIBLE"",""reason_code"":""OCCLUSION"",""confidence"":0.95}","{""label"":""VISIBLE"",""reason_code"":""NONE"",""confidence"":0.95}","{""label"":""NOT_VISIBLE"",""reason_code"":""NONE"",""confidence"":0.95}"
OC-05,Done,Covered by man and belongings.,Is the chessboard clearly visible in this photo?,Is the chessboard not visible in this photo?,slide the papers to expose the passport ,./Images/IMG_0414.jpeg,./Images/IMG_0415.jpeg,indoor,OC-05,"{""label"":""NOT_VISIBLE"",""reason_code"":""INHERENTLY_NONVISUAL"",""confidence"":0.95}","{""label"":""NOT_VISIBLE"",""reason_code"":""NONE"",""confidence"":0.95}","{""label"":""NOT_VISIBLE"",""reason_code"":""NONE"",""confidence"":0.95}","{""label"":""VISIBLE"",""reason_code"":""NONE"",""confidence"":0.95}"
OC-06,Done,Speaker behind chair.,Is the music source (speaker/device) clearly visible in this photo?,Is the music source not visible in this photo?,move forward so tree leaves are less blocking,./Images/IMG_0433.jpeg,./Images/IMG_0434.jpeg,outdoor,OC-06,"{""label"":""NOT_VISIBLE"",""reason_code"":""NONE"",""confidence"":0.95}","{""label"":""VISIBLE"",""reason_code"":""NONE"",""confidence"":0.95}","{""label"":""VISIBLE"",""reason_code"":""NONE"",""confidence"":0.95}","{""label"":""NOT_VISIBLE"",""reason_code"":""NONE"",""confidence"":0.95}"
OC-07,Done,Box angled away.,Is the product inside the box clearly visible through the plastic in this photo?,Is the product not visible through the plastic in this photo?,change angle and position of camera,./Images/IMG_0627.jpeg,./Images/IMG_0628.jpeg,outdoor,OC-07,"{""label"":""VISIBLE"",""reason_code"":""NONE"",""confidence"":0.95}","{""label"":""NOT_VISIBLE"",""reason_code"":""NONE"",""confidence"":0.95}","{""label"":""VISIBLE"",""reason_code"":""NONE"",""confidence"":0.95}","{""label"":""NOT_VISIBLE"",""reason_code"":""NONE"",""confidence"":0.95}"
OC-08,Done,Bag blocking shelf.,Is the almond milk container clearly visible in this photo?,Is the almond milk container not visible in this photo?,rotate camera,./Images/IMG_0929.jpeg,./Images/IMG_0930.jpeg,indoor,OC-08,"{""label"":""VISIBLE"",""reason_code"":""NONE"",""confidence"":0.95}","{""label"":""NOT_VISIBLE"",""reason_code"":""OCCLUSION"",""confidence"":0.95}","{""label"":""VISIBLE"",""reason_code"":""NONE"",""confidence"":0.95}","{""label"":""NOT_VISIBLE"",""reason_code"":""NONE"",""confidence"":0.95}"
OC-09,Done,Box closed.,Is the inside of the box visible in this photo (box open with contents seen)?,Is the inside of the box not visible in this photo?,Open box.,./Images/IMG_0268.jpeg,./Images/IMG_0269.jpeg,indoor,OC-09,"{""label"":""NOT_VISIBLE"",""reason_code"":""OCCLUSION"",""confidence"":0.95}","{""label"":""VISIBLE"",""reason_code"":""NONE"",""confidence"":0.95}","{""label"":""VISIBLE"",""reason_code"":""NONE"",""confidence"":0.95}","{""label"":""NOT_VISIBLE"",""reason_code"":""OCCLUSION"",""confidence"":0.95}"
OC-10,Done,In mirrored cupboard.,Is the toothbrush clearly visible in this photo?,Is the toothbrush not visible in this photo?,open cupboard,./Images/IMG_0665.jpeg,./Images/IMG_0666.jpeg,indoor,OC-10,"{""label"":""VISIBLE"",""reason_code"":""NONE"",""confidence"":0.95}","{""label"":""NOT_VISIBLE"",""reason_code"":""OCCLUSION"",""confidence"":0.95}","{""label"":""VISIBLE"",""reason_code"":""NONE"",""confidence"":0.95}","{""label"":""NOT_VISIBLE"",""reason_code"":""OCCLUSION"",""confidence"":0.95}"
OC-11,Done,Poster taped across plaque.,Is the room number clearly visible in this photo?,Is the room number not visible in this photo?,open the box to show object,./Images/IMG_0670.jpeg,./Images/IMG_0669.jpeg,indoor,OC-11,"{""label"":""NOT_VISIBLE"",""reason_code"":""INHERENTLY_NONVISUAL"",""confidence"":0.95}","{""label"":""VISIBLE"",""reason_code"":""NONE"",""confidence"":0.95}","{""label"":""VISIBLE"",""reason_code"":""NONE"",""confidence"":0.95}","{""label"":""NOT_VISIBLE"",""reason_code"":""NONE"",""confidence"":0.95}"
OC-12,Done,Covered,Is the microwave clearly visible in this photo?,Is the microwave not visible in this photo?,Move bag aside,./Images/IMG_0678.jpeg,./Images/IMG_0679.jpeg,indoor,OC-12,"{""label"":""NOT_VISIBLE"",""reason_code"":""OUT_OF_FRAME"",""confidence"":0.95}","{""label"":""NOT_VISIBLE"",""reason_code"":""OUT_OF_FRAME"",""confidence"":0.95}","{""label"":""VISIBLE"",""reason_code"":""NONE"",""confidence"":0.95}","{""label"":""NOT_VISIBLE"",""reason_code"":""OCCLUSION"",""confidence"":0.95}"
OC-13,Done,Food container covered.,Is the food container clearly visible in the closet in this photo?,Is the food container not visible in the closet in this photo?,Uncover.,./Images/IMG_0680.jpeg,./Images/IMG_0681.jpeg,indoor,OC-13,"{""label"":""NOT_VISIBLE"",""reason_code"":""NONE"",""confidence"":0.95}","{""label"":""NOT_VISIBLE"",""reason_code"":""NONE"",""confidence"":0.95}","{""label"":""VISIBLE"",""reason_code"":""NONE"",""confidence"":0.95}","{""label"":""NOT_VISIBLE"",""reason_code"":""OCCLUSION"",""confidence"":0.95}"
OC-14,Done,Behind coats.,Is the jump rope clearly visible in this photo?,Is the jump rope not visible in this photo?,swing the door halfway closed so the cabinet is visible beside the door edge,./Images/IMG_0939.jpeg,./Images/IMG_0940.jpeg,indoor,OC-14,"{""label"":""NOT_VISIBLE"",""reason_code"":""INHERENTLY_NONVISUAL"",""confidence"":0.95}","{""label"":""NOT_VISIBLE"",""reason_code"":""NONE"",""confidence"":0.95}","{""label"":""NOT_VISIBLE"",""reason_code"":""INHERENTLY_NONVISUAL"",""confidence"":0.95}","{""label"":""NOT_VISIBLE"",""reason_code"":""NONE"",""confidence"":0.95}"
OC-15,Done,Drawer cluttered; item hidden.,Is the laptop clearly visible inside the bag in this photo (bag open enough to see it)?,Is the laptop not visible inside the bag in this photo?,move bag ,./Images/IMG_0284.jpeg,./Images/IMG_0285.jpeg,indoor,OC-15,"{""label"":""NOT_VISIBLE"",""reason_code"":""OCCLUSION"",""confidence"":0.95}","{""label"":""NOT_VISIBLE"",""reason_code"":""OCCLUSION"",""confidence"":0.95}","{""label"":""VISIBLE"",""reason_code"":""NONE"",""confidence"":0.95}","{""label"":""NOT_VISIBLE"",""reason_code"":""NONE"",""confidence"":0.95}"
OC-16,Done,Band under mat,Is the resistance band clearly visible in this photo?,Is the resistance band not visible in this photo?,move mat,./Images/IMG_0941.jpeg,./Images/IMG_0942.jpeg,indoor,OC-16,"{""label"":""NOT_VISIBLE"",""reason_code"":""NONE"",""confidence"":0.95}","{""label"":""NOT_VISIBLE"",""reason_code"":""NONE"",""confidence"":0.95}","{""label"":""VISIBLE"",""reason_code"":""NONE"",""confidence"":0.95}","{""label"":""NOT_VISIBLE"",""reason_code"":""OCCLUSION"",""confidence"":0.95}"
OC-17,Done,Bands turned upside down,Can you clearly see the resistance of the bands?,Can you clearly not see the resistance of the bands?,Flip the bands so you see the labels,./Images/IMG_0943.jpeg,./Images/IMG_0944.jpeg,indoor,OC-17,"{""label"":""VISIBLE"",""reason_code"":""NONE"",""confidence"":0.95}","{""label"":""NOT_VISIBLE"",""reason_code"":""NONE"",""confidence"":0.95}","{""label"":""NOT_VISIBLE"",""reason_code"":""INHERENTLY_NONVISUAL"",""confidence"":0.95}","{""label"":""NOT_VISIBLE"",""reason_code"":""NONE"",""confidence"":0.95}"
OC-18,Done,Board out of frame.,Is the menu board clearly visible in this photo?,Is the menu board not visible in this photo?,Pan,./Images/IMG_1121.jpeg,./Images/IMG_1122.jpeg,indoor,OC-18,"{""label"":""VISIBLE"",""reason_code"":""NONE"",""confidence"":0.95}","{""label"":""NOT_VISIBLE"",""reason_code"":""NONE"",""confidence"":0.95}","{""label"":""VISIBLE"",""reason_code"":""NONE"",""confidence"":0.95}","{""label"":""NOT_VISIBLE"",""reason_code"":""NONE"",""confidence"":0.95}"
OC-19,Done,Keys covered.,Are the keys clearly visible on the table in this photo?,Are the keys not visible on the table in this photo?,Uncover keys.,./Images/IMG_1130.jpeg,./Images/IMG_1131.jpeg,outdoor,OC-19,"{""label"":""VISIBLE"",""reason_code"":""NONE"",""confidence"":0.95}","{""label"":""NOT_VISIBLE"",""reason_code"":""NONE"",""confidence"":0.95}","{""label"":""VISIBLE"",""reason_code"":""NONE"",""confidence"":0.95}","{""label"":""NOT_VISIBLE"",""reason_code"":""OCCLUSION"",""confidence"":0.95}"
OC-20,Done,Bike partly covered by car.,Is the bike clearly visible in this photo?,Is the bike not visible in this photo?,Pan to show bike,./Images/IMG_0389.jpeg,./Images/IMG_0390.jpeg,indoor,OC-20,"{""label"":""NOT_VISIBLE"",""reason_code"":""NONE"",""confidence"":0.95}","{""label"":""VISIBLE"",""reason_code"":""NONE"",""confidence"":1.0}","{""label"":""VISIBLE"",""reason_code"":""NONE"",""confidence"":0.95}","{""label"":""NOT_VISIBLE"",""reason_code"":""OUT_OF_FRAME"",""confidence"":0.95}"
OF-01,Done,Charger to the side,Is the phone charger clearly visible in this photo?,Is the phone charger not visible in this photo?,,./Images/IMG_0265.jpeg,./Images/IMG_0266.jpeg,indoor,OF-01,"{""label"":""VISIBLE"",""reason_code"":""NONE"",""confidence"":0.95}","{""label"":""NOT_VISIBLE"",""reason_code"":""NONE"",""confidence"":0.95}","{""label"":""VISIBLE"",""reason_code"":""NONE"",""confidence"":0.95}","{""label"":""NOT_VISIBLE"",""reason_code"":""NONE"",""confidence"":0.95}"
OF-02,Done,Partly hidden.,Is the mug clearly visible in this photo?,Is the mug not visible in this photo?,bring reader into frame,./Images/IMG_0263.jpeg,./Images/IMG_0264.jpeg,indoor,OF-02,"{""label"":""NOT_VISIBLE"",""reason_code"":""OCCLUSION"",""confidence"":0.95}","{""label"":""NOT_VISIBLE"",""reason_code"":""OCCLUSION"",""confidence"":0.95}","{""label"":""VISIBLE"",""reason_code"":""NONE"",""confidence"":0.95}","{""label"":""NOT_VISIBLE"",""reason_code"":""OCCLUSION"",""confidence"":0.95}"
OF-03,Done,Horse not in frame.,Is the horse visible in this photo?,Is the horse not visible in this photo?,pan left to include,./Images/IMG_0403.jpeg,./Images/IMG_0404.jpeg,outdoor,OF-03,"{""label"":""VISIBLE"",""reason_code"":""NONE"",""confidence"":0.95}","{""label"":""NOT_VISIBLE"",""reason_code"":""NONE"",""confidence"":0.95}","{""label"":""NOT_VISIBLE"",""reason_code"":""INHERENTLY_NONVISUAL"",""confidence"":0.95}","{""label"":""NOT_VISIBLE"",""reason_code"":""INHERENTLY_NONVISUAL"",""confidence"":0.95}"
OF-04,Done,Printer not in frame.,Is the printer clearly visible in this photo?,Is the printer not visible in this photo?,reframe to include it,./Images/IMG_0437.jpeg,./Images/IMG_0438.jpeg,indoor,OF-04,"{""label"":""NOT_VISIBLE"",""reason_code"":""OCCLUSION"",""confidence"":0.95}","{""label"":""NOT_VISIBLE"",""reason_code"":""NONE"",""confidence"":0.95}","{""label"":""VISIBLE"",""reason_code"":""NONE"",""confidence"":0.95}","{""label"":""NOT_VISIBLE"",""reason_code"":""NONE"",""confidence"":0.95}"
OF-05,Done,Pool table off to the side.,Is the pool table clearly visible in this photo?,Is the pool table not visible in this photo?,,./Images/IMG_0445.jpeg,./Images/IMG_0446.jpeg,indoor,OF-05,"{""label"":""NOT_VISIBLE"",""reason_code"":""OUT_OF_FRAME"",""confidence"":0.95}","{""label"":""NOT_VISIBLE"",""reason_code"":""OUT_OF_FRAME"",""confidence"":0.95}","{""label"":""NOT_VISIBLE"",""reason_code"":""OUT_OF_FRAME"",""confidence"":0.95}","{""label"":""NOT_VISIBLE"",""reason_code"":""NONE"",""confidence"":0.95}"
OF-06,Done,Out of frame.,Is the turnstile payment screen visible?,Is the turnstile payment screen not visible?,pan camera to the right,./Images/IMG_0620.jpeg,./Images/IMG_0621.jpeg,outdoor,OF-06,"{""label"":""NOT_VISIBLE"",""reason_code"":""OCCLUSION"",""confidence"":0.95}","{""label"":""VISIBLE"",""reason_code"":""NONE"",""confidence"":0.95}","{""label"":""VISIBLE"",""reason_code"":""NONE"",""confidence"":0.95}","{""label"":""NOT_VISIBLE"",""reason_code"":""NONE"",""confidence"":0.95}"
OF-07,Done,Cue tip not present.,Is the cue tip clearly visible in this photo?,Is the cue tip not visible in this photo?,rotate to see it,./Images/IMG_0440.jpeg,./Images/IMG_0441.jpeg,indoor,OF-07,"{""label"":""VISIBLE"",""reason_code"":""NONE"",""confidence"":0.95}","{""label"":""NOT_VISIBLE"",""reason_code"":""OUT_OF_FRAME"",""confidence"":0.95}","{""label"":""VISIBLE"",""reason_code"":""NONE"",""confidence"":0.95}","{""label"":""NOT_VISIBLE"",""reason_code"":""OUT_OF_FRAME"",""confidence"":0.95}"
OF-08,Done,Bottle partly cut off.,Is the water bottle clearly visible in this photo?,Is the water bottle not visible in this photo?,Pan a bit,./Images/IMG_1135.jpeg,./Images/IMG_1136.jpeg,indoor,OF-08,"{""label"":""VISIBLE"",""reason_code"":""NONE"",""confidence"":0.95}","{""label"":""NOT_VISIBLE"",""reason_code"":""OCCLUSION"",""confidence"":0.95}","{""label"":""VISIBLE"",""reason_code"":""NONE"",""confidence"":0.95}","{""label"":""NOT_VISIBLE"",""reason_code"":""OCCLUSION"",""confidence"":0.95}"
OF-09,Done,Out of frame.,Is the water fountain visible?,Is the water fountain not visible?,pan camera down,./Images/IMG_0951.jpeg,./Images/IMG_0953.jpeg,indoor,OF-09,"{""label"":""VISIBLE"",""reason_code"":""NONE"",""confidence"":0.95}","{""label"":""NOT_VISIBLE"",""reason_code"":""OUT_OF_FRAME"",""confidence"":0.95}","{""label"":""VISIBLE"",""reason_code"":""NONE"",""confidence"":0.95}","{""label"":""NOT_VISIBLE"",""reason_code"":""NONE"",""confidence"":0.95}"
OF-10,Done,Blinds only visible.,Is the AC unit clearly visible in this photo?,Is the AC unit not visible in this photo?,shift frame up,./Images/IMG_0663.jpeg,./Images/IMG_0664.jpeg,indoor,OF-10,"{""label"":""VISIBLE"",""reason_code"":""NONE"",""confidence"":0.95}","{""label"":""NOT_VISIBLE"",""reason_code"":""NONE"",""confidence"":0.95}","{""label"":""VISIBLE"",""reason_code"":""NONE"",""confidence"":0.95}","{""label"":""NOT_VISIBLE"",""reason_code"":""NONE"",""confidence"":0.95}"
OF-12,Done,Pin not visible,Is the code for the lock clearly written?,Is the code for the lock clearly not writtern?,pan up so you can see the code,./Images/IMG_0945.jpeg,./Images/IMG_0946.jpeg,indoor,OF-12,"{""label"":""VISIBLE"",""reason_code"":""NONE"",""confidence"":0.95}","{""label"":""NOT_VISIBLE"",""reason_code"":""NONE"",""confidence"":0.95}","{""label"":""NOT_VISIBLE"",""reason_code"":""INHERENTLY_NONVISUAL"",""confidence"":0.95}","{""label"":""NOT_VISIBLE"",""reason_code"":""INHERENTLY_NONVISUAL"",""confidence"":0.95}"
OF-13,Done,Laundry basket out of frame.,Is the laundry basket visible in this photo?,Is the laundry basket not visible in this photo?,reframe to include it,./Images/IMG_0673.jpeg,./Images/IMG_0674.jpeg,indoor,OF-13,"{""label"":""NOT_VISIBLE"",""reason_code"":""OCCLUSION"",""confidence"":0.95}","{""label"":""VISIBLE"",""reason_code"":""NONE"",""confidence"":0.95}","{""label"":""VISIBLE"",""reason_code"":""NONE"",""confidence"":0.95}","{""label"":""NOT_VISIBLE"",""reason_code"":""OUT_OF_FRAME"",""confidence"":0.95}"
OF-14,Done,Bin to the left.,Is the bin visible in this photo?,Is the bin not visible in this photo?,pan left,./Images/IMG_0667.jpeg,./Images/IMG_0668.jpeg,indoor,OF-14,"{""label"":""NOT_VISIBLE"",""reason_code"":""OCCLUSION"",""confidence"":0.95}","{""label"":""VISIBLE"",""reason_code"":""NONE"",""confidence"":0.95}","{""label"":""VISIBLE"",""reason_code"":""NONE"",""confidence"":0.95}","{""label"":""NOT_VISIBLE"",""reason_code"":""OUT_OF_FRAME"",""confidence"":0.95}"
OF-15,Done,Protein powder container hidden in cupboard,Is the protein powder container visible?,Is the protein powder container not visible?,Open the cupboard slightly more,./Images/IMG_1101.jpeg,./Images/IMG_1102.jpeg,indoor,OF-15,"{""label"":""VISIBLE"",""reason_code"":""NONE"",""confidence"":0.95}","{""label"":""NOT_VISIBLE"",""reason_code"":""NONE"",""confidence"":0.95}","{""label"":""VISIBLE"",""reason_code"":""NONE"",""confidence"":0.95}","{""label"":""NOT_VISIBLE"",""reason_code"":""OCCLUSION"",""confidence"":0.95}"
OF-16,Done,No microwave in shot.,Can you see the microwave?,Is the microwave not visible from this angle?,rotate the camera toward the shelf so the microwave is fully in frame,./Images/IMG_0949.jpeg,./Images/IMG_0950.jpeg,indoor,OF-16,"{""label"":""NOT_VISIBLE"",""reason_code"":""OCCLUSION"",""confidence"":0.95}","{""label"":""VISIBLE"",""reason_code"":""NONE"",""confidence"":0.95}","{""label"":""VISIBLE"",""reason_code"":""NONE"",""confidence"":0.95}","{""label"":""NOT_VISIBLE"",""reason_code"":""OCCLUSION"",""confidence"":0.95}"
